user_id,total_sessions,first_session,last_session,total_revenue,total_orders,clv
user_000342,80,2025-10-22T08:20:25.000+02:00,2026-01-18T13:36:25.000+02:00,4.511809944000002E8,506800,4.511809944E8
user_000572,72,2025-10-22T10:35:08.000+02:00,2026-01-14T00:28:40.000+02:00,4.0606289496000016E8,456120,4.0606289496E8
user_000639,71,2025-10-21T16:44:29.000+02:00,2026-01-14T04:21:35.000+02:00,4.0042313253000015E8,449785,4.0042313253E8
user_000734,70,2025-10-25T18:05:41.000+02:00,2026-01-17T19:48:55.000+02:00,3.9478337010000014E8,443450,3.947833701E8
user_000807,69,2025-10-20T23:32:26.000+02:00,2026-01-17T16:30:32.000+02:00,3.8914360767000014E8,437115,3.8914360767E8
user_000949,68,2025-10-22T14:35:22.000+02:00,2026-01-18T15:30:18.000+02:00,3.835038452400001E8,430780,3.8350384524E8
user_000404,68,2025-10-23T07:11:42.000+02:00,2026-01-16T09:19:48.000+02:00,3.835038452400001E8,430780,3.8350384524E8
user_000996,68,2025-10-20T20:32:56.000+02:00,2026-01-18T06:38:20.000+02:00,3.835038452400001E8,430780,3.8350384524E8
user_000073,67,2025-10-22T11:50:37.000+02:00,2026-01-18T03:34:53.000+02:00,3.778640828100001E8,424445,3.7786408281E8
user_000933,67,2025-10-21T13:18:54.000+02:00,2026-01-16T09:33:34.000+02:00,3.778640828100001E8,424445,3.7786408281E8
user_000593,67,2025-10-20T23:50:39.000+02:00,2026-01-18T16:05:22.000+02:00,3.778640828100001E8,424445,3.7786408281E8
user_000323,67,2025-10-22T14:41:10.000+02:00,2026-01-17T05:17:34.000+02:00,3.778640828100001E8,424445,3.7786408281E8
user_000110,66,2025-10-20T22:35:46.000+02:00,2026-01-18T01:16:37.000+02:00,3.722243203800001E8,418110,3.7222432038E8
user_000934,66,2025-10-20T21:02:36.000+02:00,2026-01-18T16:05:22.000+02:00,3.722243203800001E8,418110,3.7222432038E8
user_000522,66,2025-10-21T18:22:16.000+02:00,2026-01-17T19:33:20.000+02:00,3.722243203800001E8,418110,3.7222432038E8
user_000334,66,2025-10-21T13:36:43.000+02:00,2026-01-17T16:57:18.000+02:00,3.722243203800001E8,418110,3.7222432038E8
user_000500,66,2025-10-23T11:02:27.000+02:00,2026-01-18T08:46:06.000+02:00,3.722243203800001E8,418110,3.7222432038E8
user_000176,66,2025-10-23T17:29:31.000+02:00,2026-01-18T01:28:52.000+02:00,3.722243203800001E8,418110,3.7222432038E8
user_000780,66,2025-10-21T22:24:34.000+02:00,2026-01-16T05:06:05.000+02:00,3.722243203800001E8,418110,3.7222432038E8
user_000417,65,2025-10-22T21:38:57.000+02:00,2026-01-17T21:39:05.000+02:00,3.665845579500001E8,411775,3.6658455795E8
user_000069,65,2025-10-21T00:57:51.000+02:00,2026-01-15T17:15:17.000+02:00,3.665845579500001E8,411775,3.6658455795E8
user_000462,65,2025-10-21T18:56:21.000+02:00,2026-01-17T01:01:50.000+02:00,3.665845579500001E8,411775,3.6658455795E8
user_000184,65,2025-10-23T03:15:37.000+02:00,2026-01-16T13:52:46.000+02:00,3.665845579500001E8,411775,3.6658455795E8
user_000376,65,2025-10-21T11:08:36.000+02:00,2026-01-15T23:28:50.000+02:00,3.665845579500001E8,411775,3.6658455795E8
user_000795,64,2025-10-22T08:47:58.000+02:00,2026-01-18T17:01:33.000+02:00,3.609447955200001E8,405440,3.6094479552E8
user_000709,64,2025-10-23T20:23:35.000+02:00,2026-01-17T20:37:01.000+02:00,3.609447955200001E8,405440,3.6094479552E8
user_000845,64,2025-10-23T09:19:39.000+02:00,2026-01-18T01:34:04.000+02:00,3.609447955200001E8,405440,3.6094479552E8
user_000132,64,2025-10-21T14:44:35.000+02:00,2026-01-17T19:11:03.000+02:00,3.609447955200001E8,405440,3.6094479552E8
user_000798,64,2025-10-22T03:10:53.000+02:00,2026-01-16T22:13:50.000+02:00,3.609447955200001E8,405440,3.6094479552E8
user_000571,64,2025-10-21T22:40:18.000+02:00,2026-01-18T02:55:35.000+02:00,3.609447955200001E8,405440,3.6094479552E8
user_000269,63,2025-10-20T22:38:28.000+02:00,2026-01-17T06:05:54.000+02:00,3.553050330900001E8,399105,3.5530503309E8
user_000582,63,2025-10-21T08:37:11.000+02:00,2026-01-18T01:22:13.000+02:00,3.553050330900001E8,399105,3.5530503309E8
user_000265,63,2025-10-23T05:42:19.000+02:00,2026-01-18T13:56:36.000+02:00,3.553050330900001E8,399105,3.5530503309E8
user_000667,63,2025-10-22T18:47:06.000+02:00,2026-01-18T07:46:11.000+02:00,3.553050330900001E8,399105,3.5530503309E8
user_000257,63,2025-10-21T06:07:56.000+02:00,2026-01-15T02:16:00.000+02:00,3.553050330900001E8,399105,3.5530503309E8
user_000806,63,2025-10-21T18:21:08.000+02:00,2026-01-17T12:18:28.000+02:00,3.553050330900001E8,399105,3.5530503309E8
user_000581,63,2025-10-20T21:51:16.000+02:00,2026-01-17T11:30:15.000+02:00,3.553050330900001E8,399105,3.5530503309E8
user_000393,63,2025-10-20T21:42:37.000+02:00,2026-01-15T00:25:06.000+02:00,3.553050330900001E8,399105,3.5530503309E8
user_000857,63,2025-10-22T06:45:43.000+02:00,2026-01-17T14:26:02.000+02:00,3.553050330900001E8,399105,3.5530503309E8
user_000098,62,2025-10-24T08:16:36.000+02:00,2026-01-16T18:09:54.000+02:00,3.496652706600001E8,392770,3.4966527066E8
user_000863,62,2025-10-21T20:26:15.000+02:00,2026-01-13T07:48:47.000+02:00,3.496652706600001E8,392770,3.4966527066E8
user_000313,62,2025-10-21T16:15:51.000+02:00,2026-01-18T12:43:43.000+02:00,3.496652706600001E8,392770,3.4966527066E8
user_000921,62,2025-10-21T17:56:15.000+02:00,2026-01-16T15:28:40.000+02:00,3.496652706600001E8,392770,3.4966527066E8
user_000157,62,2025-10-23T02:22:58.000+02:00,2026-01-17T00:48:15.000+02:00,3.496652706600001E8,392770,3.4966527066E8
user_000322,62,2025-10-22T01:42:17.000+02:00,2026-01-16T13:28:15.000+02:00,3.496652706600001E8,392770,3.4966527066E8
user_000503,62,2025-10-22T10:35:01.000+02:00,2026-01-18T07:27:14.000+02:00,3.496652706600001E8,392770,3.4966527066E8
user_000408,62,2025-10-23T23:22:07.000+02:00,2026-01-17T17:18:17.000+02:00,3.496652706600001E8,392770,3.4966527066E8
user_000890,62,2025-10-22T09:53:35.000+02:00,2026-01-18T00:12:25.000+02:00,3.496652706600001E8,392770,3.4966527066E8
user_000108,62,2025-10-22T01:17:04.000+02:00,2026-01-16T18:54:54.000+02:00,3.496652706600001E8,392770,3.4966527066E8
user_000743,62,2025-10-23T14:36:23.000+02:00,2026-01-16T04:15:23.000+02:00,3.496652706600001E8,392770,3.4966527066E8
user_000193,62,2025-10-21T17:24:57.000+02:00,2026-01-15T21:28:25.000+02:00,3.496652706600001E8,392770,3.4966527066E8
user_000268,62,2025-10-21T19:50:13.000+02:00,2026-01-17T09:53:10.000+02:00,3.496652706600001E8,392770,3.4966527066E8
user_000463,62,2025-10-21T01:29:48.000+02:00,2026-01-18T10:20:13.000+02:00,3.496652706600001E8,392770,3.4966527066E8
user_000769,61,2025-10-22T21:42:33.000+02:00,2026-01-18T16:27:07.000+02:00,3.440255082300001E8,386435,3.4402550823E8
user_000128,61,2025-10-22T02:52:20.000+02:00,2026-01-18T00:01:56.000+02:00,3.440255082300001E8,386435,3.4402550823E8
user_000253,61,2025-10-22T04:04:35.000+02:00,2026-01-16T23:26:10.000+02:00,3.440255082300001E8,386435,3.4402550823E8
user_000591,61,2025-10-22T18:56:33.000+02:00,2026-01-17T20:43:28.000+02:00,3.440255082300001E8,386435,3.4402550823E8
user_000384,61,2025-10-22T21:07:01.000+02:00,2026-01-17T13:04:39.000+02:00,3.440255082300001E8,386435,3.4402550823E8
user_000489,61,2025-10-24T13:36:50.000+02:00,2026-01-18T10:27:45.000+02:00,3.440255082300001E8,386435,3.4402550823E8
user_000285,61,2025-10-21T14:27:59.000+02:00,2026-01-18T07:10:38.000+02:00,3.440255082300001E8,386435,3.4402550823E8
user_000684,61,2025-10-20T23:28:53.000+02:00,2026-01-16T01:26:18.000+02:00,3.440255082300001E8,386435,3.4402550823E8
user_000738,61,2025-10-21T12:06:26.000+02:00,2026-01-16T06:31:45.000+02:00,3.440255082300001E8,386435,3.4402550823E8
user_000229,61,2025-10-22T01:54:20.000+02:00,2026-01-17T11:37:01.000+02:00,3.440255082300001E8,386435,3.4402550823E8
user_000926,61,2025-10-21T08:20:53.000+02:00,2026-01-18T07:39:41.000+02:00,3.440255082300001E8,386435,3.4402550823E8
user_000755,61,2025-10-21T04:39:44.000+02:00,2026-01-18T07:41:13.000+02:00,3.440255082300001E8,386435,3.4402550823E8
user_000836,61,2025-10-21T06:45:59.000+02:00,2026-01-17T23:11:14.000+02:00,3.440255082300001E8,386435,3.4402550823E8
user_000277,60,2025-10-23T05:30:32.000+02:00,2026-01-18T04:23:40.000+02:00,3.383857458000001E8,380100,3.383857458E8
user_000271,60,2025-10-21T04:18:54.000+02:00,2026-01-18T15:35:55.000+02:00,3.383857458000001E8,380100,3.383857458E8
user_000662,60,2025-10-20T23:26:12.000+02:00,2026-01-17T14:01:01.000+02:00,3.383857458000001E8,380100,3.383857458E8
user_000296,60,2025-10-21T06:08:40.000+02:00,2026-01-17T18:25:33.000+02:00,3.383857458000001E8,380100,3.383857458E8
user_000266,60,2025-10-21T09:54:32.000+02:00,2026-01-16T23:41:27.000+02:00,3.383857458000001E8,380100,3.383857458E8
user_000060,60,2025-10-21T05:10:52.000+02:00,2026-01-14T13:42:26.000+02:00,3.383857458000001E8,380100,3.383857458E8
user_000234,60,2025-10-25T05:32:43.000+02:00,2026-01-18T13:17:44.000+02:00,3.383857458000001E8,380100,3.383857458E8
user_000007,60,2025-10-23T11:59:24.000+02:00,2026-01-13T09:29:51.000+02:00,3.383857458000001E8,380100,3.383857458E8
user_000605,60,2025-10-21T03:28:45.000+02:00,2026-01-18T19:01:40.000+02:00,3.383857458000001E8,380100,3.383857458E8
user_000884,60,2025-10-21T13:10:49.000+02:00,2026-01-16T00:55:56.000+02:00,3.383857458000001E8,380100,3.383857458E8
user_000663,60,2025-10-21T11:19:02.000+02:00,2026-01-17T06:21:14.000+02:00,3.383857458000001E8,380100,3.383857458E8
user_000856,60,2025-10-21T18:16:06.000+02:00,2026-01-18T10:25:32.000+02:00,3.383857458000001E8,380100,3.383857458E8
user_000290,60,2025-10-21T05:39:26.000+02:00,2026-01-18T02:20:37.000+02:00,3.383857458000001E8,380100,3.383857458E8
user_000338,60,2025-10-22T16:19:14.000+02:00,2026-01-17T12:47:48.000+02:00,3.383857458000001E8,380100,3.383857458E8
user_000599,60,2025-10-21T00:13:20.000+02:00,2026-01-18T16:16:25.000+02:00,3.383857458000001E8,380100,3.383857458E8
user_000416,60,2025-10-22T10:23:32.000+02:00,2026-01-18T06:38:00.000+02:00,3.383857458000001E8,380100,3.383857458E8
user_000992,60,2025-10-24T16:22:50.000+02:00,2026-01-18T16:32:26.000+02:00,3.383857458000001E8,380100,3.383857458E8
user_000597,60,2025-10-21T02:01:28.000+02:00,2026-01-16T16:08:57.000+02:00,3.383857458000001E8,380100,3.383857458E8
user_000790,60,2025-10-20T22:21:23.000+02:00,2026-01-18T04:10:00.000+02:00,3.383857458000001E8,380100,3.383857458E8
user_000756,60,2025-10-21T01:55:12.000+02:00,2026-01-15T04:34:21.000+02:00,3.383857458000001E8,380100,3.383857458E8
user_000263,60,2025-10-24T15:41:31.000+02:00,2026-01-18T14:51:27.000+02:00,3.383857458000001E8,380100,3.383857458E8
user_000127,60,2025-10-22T09:06:48.000+02:00,2026-01-17T10:22:05.000+02:00,3.383857458000001E8,380100,3.383857458E8
user_000392,60,2025-10-21T16:47:53.000+02:00,2026-01-14T01:00:47.000+02:00,3.383857458000001E8,380100,3.383857458E8
user_000017,60,2025-10-21T10:56:00.000+02:00,2026-01-18T03:03:49.000+02:00,3.383857458000001E8,380100,3.383857458E8
user_000654,60,2025-10-23T01:37:20.000+02:00,2026-01-15T11:03:42.000+02:00,3.383857458000001E8,380100,3.383857458E8
user_000814,60,2025-10-22T03:58:51.000+02:00,2026-01-18T15:14:56.000+02:00,3.383857458000001E8,380100,3.383857458E8
user_000774,60,2025-10-21T22:18:56.000+02:00,2026-01-18T10:03:01.000+02:00,3.383857458000001E8,380100,3.383857458E8
user_000319,59,2025-10-20T20:45:58.000+02:00,2026-01-18T04:13:50.000+02:00,3.3274598337000006E8,373765,3.3274598337E8
user_000668,59,2025-10-21T10:47:42.000+02:00,2026-01-17T18:08:18.000+02:00,3.3274598337000006E8,373765,3.3274598337E8
user_000374,59,2025-10-22T20:05:43.000+02:00,2026-01-15T21:36:42.000+02:00,3.3274598337000006E8,373765,3.3274598337E8
user_000202,59,2025-10-21T00:02:12.000+02:00,2026-01-18T10:10:15.000+02:00,3.3274598337000006E8,373765,3.3274598337E8
user_000262,59,2025-10-20T20:06:08.000+02:00,2026-01-15T15:08:42.000+02:00,3.3274598337000006E8,373765,3.3274598337E8
user_000505,59,2025-10-21T15:12:05.000+02:00,2026-01-18T16:54:03.000+02:00,3.3274598337000006E8,373765,3.3274598337E8
user_000602,59,2025-10-21T22:02:57.000+02:00,2026-01-18T14:33:32.000+02:00,3.3274598337000006E8,373765,3.3274598337E8
user_000652,59,2025-10-23T14:47:56.000+02:00,2026-01-17T18:48:55.000+02:00,3.3274598337000006E8,373765,3.3274598337E8
user_000649,59,2025-10-21T01:14:58.000+02:00,2026-01-17T01:55:16.000+02:00,3.3274598337000006E8,373765,3.3274598337E8
user_000615,59,2025-10-24T13:10:56.000+02:00,2026-01-17T21:56:24.000+02:00,3.3274598337000006E8,373765,3.3274598337E8
user_000614,59,2025-10-21T12:25:42.000+02:00,2026-01-17T16:46:59.000+02:00,3.3274598337000006E8,373765,3.3274598337E8
user_000085,59,2025-10-22T20:41:20.000+02:00,2026-01-15T15:43:48.000+02:00,3.3274598337000006E8,373765,3.3274598337E8
user_000584,59,2025-10-22T18:08:02.000+02:00,2026-01-18T10:15:38.000+02:00,3.3274598337000006E8,373765,3.3274598337E8
user_000950,59,2025-10-23T01:23:24.000+02:00,2026-01-16T15:56:33.000+02:00,3.3274598337000006E8,373765,3.3274598337E8
user_000617,59,2025-10-22T22:30:41.000+02:00,2026-01-18T18:29:09.000+02:00,3.3274598337000006E8,373765,3.3274598337E8
user_000937,59,2025-10-22T23:09:07.000+02:00,2026-01-15T16:31:13.000+02:00,3.3274598337000006E8,373765,3.3274598337E8
user_000731,59,2025-10-21T21:03:01.000+02:00,2026-01-13T00:22:33.000+02:00,3.3274598337000006E8,373765,3.3274598337E8
user_000186,59,2025-10-23T04:13:08.000+02:00,2026-01-16T09:00:16.000+02:00,3.3274598337000006E8,373765,3.3274598337E8
user_000148,59,2025-10-21T17:25:05.000+02:00,2026-01-15T08:41:35.000+02:00,3.3274598337000006E8,373765,3.3274598337E8
user_000049,58,2025-10-26T13:10:52.000+02:00,2026-01-14T03:51:04.000+02:00,3.2710622094000006E8,367430,3.2710622094E8
user_000889,58,2025-10-21T10:37:21.000+02:00,2026-01-17T08:43:27.000+02:00,3.2710622094000006E8,367430,3.2710622094E8
user_000490,58,2025-10-21T02:11:49.000+02:00,2026-01-18T12:43:00.000+02:00,3.2710622094000006E8,367430,3.2710622094E8
user_000355,58,2025-10-21T00:29:20.000+02:00,2026-01-17T23:38:57.000+02:00,3.2710622094000006E8,367430,3.2710622094E8
user_000590,58,2025-10-21T08:45:59.000+02:00,2026-01-17T13:14:51.000+02:00,3.2710622094000006E8,367430,3.2710622094E8
user_000521,58,2025-10-21T06:20:06.000+02:00,2026-01-13T20:17:32.000+02:00,3.2710622094000006E8,367430,3.2710622094E8
user_000420,58,2025-10-20T21:14:27.000+02:00,2026-01-15T08:02:42.000+02:00,3.2710622094000006E8,367430,3.2710622094E8
user_000428,58,2025-10-22T05:05:51.000+02:00,2026-01-18T12:34:41.000+02:00,3.2710622094000006E8,367430,3.2710622094E8
user_000099,58,2025-10-22T02:33:33.000+02:00,2026-01-14T04:18:13.000+02:00,3.2710622094000006E8,367430,3.2710622094E8
user_000208,58,2025-10-21T01:31:41.000+02:00,2026-01-14T00:56:07.000+02:00,3.2710622094000006E8,367430,3.2710622094E8
user_000523,58,2025-10-28T00:38:30.000+02:00,2026-01-13T21:54:15.000+02:00,3.2710622094000006E8,367430,3.2710622094E8
user_000104,58,2025-10-23T01:20:44.000+02:00,2026-01-18T07:16:37.000+02:00,3.2710622094000006E8,367430,3.2710622094E8
user_000057,58,2025-10-22T03:26:14.000+02:00,2026-01-15T20:33:10.000+02:00,3.2710622094000006E8,367430,3.2710622094E8
user_000303,58,2025-10-22T04:06:14.000+02:00,2026-01-18T08:51:57.000+02:00,3.2710622094000006E8,367430,3.2710622094E8
user_000513,58,2025-10-22T01:50:25.000+02:00,2026-01-17T01:28:49.000+02:00,3.2710622094000006E8,367430,3.2710622094E8
user_000596,58,2025-10-21T06:16:58.000+02:00,2026-01-17T07:09:47.000+02:00,3.2710622094000006E8,367430,3.2710622094E8
user_000019,58,2025-10-22T02:20:46.000+02:00,2026-01-17T08:56:37.000+02:00,3.2710622094000006E8,367430,3.2710622094E8
user_000381,58,2025-10-21T08:24:53.000+02:00,2026-01-16T12:46:23.000+02:00,3.2710622094000006E8,367430,3.2710622094E8
user_000115,58,2025-10-27T21:47:28.000+02:00,2026-01-15T13:40:48.000+02:00,3.2710622094000006E8,367430,3.2710622094E8
user_000084,58,2025-10-21T04:49:12.000+02:00,2026-01-17T03:25:08.000+02:00,3.2710622094000006E8,367430,3.2710622094E8
user_000515,58,2025-10-21T01:35:05.000+02:00,2026-01-16T03:37:52.000+02:00,3.2710622094000006E8,367430,3.2710622094E8
user_000496,58,2025-10-21T09:43:15.000+02:00,2026-01-17T05:10:26.000+02:00,3.2710622094000006E8,367430,3.2710622094E8
user_000874,58,2025-10-21T19:20:46.000+02:00,2026-01-17T14:57:59.000+02:00,3.2710622094000006E8,367430,3.2710622094E8
user_000022,58,2025-10-20T23:27:05.000+02:00,2026-01-18T12:55:40.000+02:00,3.2710622094000006E8,367430,3.2710622094E8
user_000655,58,2025-10-21T09:12:04.000+02:00,2026-01-12T21:58:50.000+02:00,3.2710622094000006E8,367430,3.2710622094E8
user_000424,57,2025-10-24T03:52:22.000+02:00,2026-01-16T01:01:06.000+02:00,3.2146645851000005E8,361095,3.2146645851E8
user_000066,57,2025-10-24T04:36:27.000+02:00,2026-01-18T11:37:19.000+02:00,3.2146645851000005E8,361095,3.2146645851E8
user_000445,57,2025-10-21T22:00:50.000+02:00,2026-01-17T09:25:11.000+02:00,3.2146645851000005E8,361095,3.2146645851E8
user_000360,57,2025-10-24T11:32:35.000+02:00,2026-01-18T18:47:10.000+02:00,3.2146645851000005E8,361095,3.2146645851E8
user_000957,57,2025-10-22T07:53:45.000+02:00,2026-01-18T11:09:56.000+02:00,3.2146645851000005E8,361095,3.2146645851E8
user_000292,57,2025-10-21T02:35:21.000+02:00,2026-01-18T05:46:42.000+02:00,3.2146645851000005E8,361095,3.2146645851E8
user_000346,57,2025-10-20T21:18:38.000+02:00,2026-01-18T18:48:43.000+02:00,3.2146645851000005E8,361095,3.2146645851E8
user_000881,57,2025-10-21T09:13:51.000+02:00,2026-01-18T06:27:50.000+02:00,3.2146645851000005E8,361095,3.2146645851E8
user_000842,57,2025-10-22T08:26:23.000+02:00,2026-01-18T13:46:10.000+02:00,3.2146645851000005E8,361095,3.2146645851E8
user_000946,57,2025-10-21T22:16:16.000+02:00,2026-01-18T18:49:33.000+02:00,3.2146645851000005E8,361095,3.2146645851E8
user_000412,57,2025-10-21T16:36:47.000+02:00,2026-01-16T11:35:17.000+02:00,3.2146645851000005E8,361095,3.2146645851E8
user_000139,57,2025-10-21T02:16:10.000+02:00,2026-01-15T05:45:52.000+02:00,3.2146645851000005E8,361095,3.2146645851E8
user_000135,57,2025-10-21T00:20:58.000+02:00,2026-01-17T09:06:20.000+02:00,3.2146645851000005E8,361095,3.2146645851E8
user_000359,57,2025-10-22T09:48:44.000+02:00,2026-01-18T06:26:51.000+02:00,3.2146645851000005E8,361095,3.2146645851E8
user_000024,57,2025-10-22T09:02:07.000+02:00,2026-01-16T14:31:09.000+02:00,3.2146645851000005E8,361095,3.2146645851E8
user_000771,57,2025-10-23T01:20:35.000+02:00,2026-01-15T06:17:10.000+02:00,3.2146645851000005E8,361095,3.2146645851E8
user_000671,57,2025-10-21T17:23:47.000+02:00,2026-01-17T15:10:30.000+02:00,3.2146645851000005E8,361095,3.2146645851E8
user_000719,57,2025-10-24T14:26:08.000+02:00,2026-01-18T12:26:10.000+02:00,3.2146645851000005E8,361095,3.2146645851E8
user_000275,57,2025-10-21T10:03:28.000+02:00,2026-01-16T05:16:14.000+02:00,3.2146645851000005E8,361095,3.2146645851E8
user_000256,57,2025-10-23T17:37:29.000+02:00,2026-01-17T22:35:25.000+02:00,3.2146645851000005E8,361095,3.2146645851E8
user_000562,57,2025-10-22T20:55:40.000+02:00,2026-01-17T00:26:55.000+02:00,3.2146645851000005E8,361095,3.2146645851E8
user_000840,57,2025-10-23T16:23:31.000+02:00,2026-01-18T18:08:06.000+02:00,3.2146645851000005E8,361095,3.2146645851E8
user_000770,57,2025-10-22T05:28:14.000+02:00,2026-01-18T17:44:48.000+02:00,3.2146645851000005E8,361095,3.2146645851E8
user_000968,57,2025-10-21T18:22:56.000+02:00,2026-01-17T23:00:48.000+02:00,3.2146645851000005E8,361095,3.2146645851E8
user_000032,57,2025-10-21T13:51:17.000+02:00,2026-01-18T04:58:49.000+02:00,3.2146645851000005E8,361095,3.2146645851E8
user_000480,57,2025-10-21T08:39:10.000+02:00,2026-01-17T22:15:26.000+02:00,3.2146645851000005E8,361095,3.2146645851E8
user_000625,57,2025-10-21T12:18:14.000+02:00,2026-01-18T20:30:24.000+02:00,3.2146645851000005E8,361095,3.2146645851E8
user_000236,57,2025-10-21T00:36:27.000+02:00,2026-01-15T13:54:31.000+02:00,3.2146645851000005E8,361095,3.2146645851E8
user_000967,57,2025-10-21T08:05:21.000+02:00,2026-01-13T11:24:36.000+02:00,3.2146645851000005E8,361095,3.2146645851E8
user_000227,57,2025-10-22T18:13:22.000+02:00,2026-01-18T12:23:29.000+02:00,3.2146645851000005E8,361095,3.2146645851E8
user_000431,57,2025-10-21T11:24:52.000+02:00,2026-01-18T11:16:22.000+02:00,3.2146645851000005E8,361095,3.2146645851E8
user_000624,57,2025-10-22T03:40:43.000+02:00,2026-01-18T09:39:01.000+02:00,3.2146645851000005E8,361095,3.2146645851E8
user_000036,57,2025-10-21T19:48:53.000+02:00,2026-01-18T10:08:49.000+02:00,3.2146645851000005E8,361095,3.2146645851E8
user_000072,57,2025-10-21T13:06:40.000+02:00,2026-01-15T08:20:49.000+02:00,3.2146645851000005E8,361095,3.2146645851E8
user_000299,57,2025-10-21T12:59:23.000+02:00,2026-01-17T10:59:38.000+02:00,3.2146645851000005E8,361095,3.2146645851E8
user_000898,57,2025-10-21T00:49:01.000+02:00,2026-01-18T11:14:43.000+02:00,3.2146645851000005E8,361095,3.2146645851E8
user_000201,57,2025-10-20T21:16:37.000+02:00,2026-01-16T22:01:16.000+02:00,3.2146645851000005E8,361095,3.2146645851E8
user_000587,57,2025-10-22T03:18:09.000+02:00,2026-01-17T23:13:54.000+02:00,3.2146645851000005E8,361095,3.2146645851E8
user_000837,57,2025-10-20T23:47:56.000+02:00,2026-01-17T15:29:48.000+02:00,3.2146645851000005E8,361095,3.2146645851E8
user_000225,57,2025-10-22T00:03:28.000+02:00,2026-01-17T23:55:08.000+02:00,3.2146645851000005E8,361095,3.2146645851E8
user_000975,57,2025-10-22T03:02:22.000+02:00,2026-01-16T07:58:44.000+02:00,3.2146645851000005E8,361095,3.2146645851E8
user_000827,57,2025-10-21T12:19:30.000+02:00,2026-01-17T04:34:54.000+02:00,3.2146645851000005E8,361095,3.2146645851E8
user_000120,56,2025-10-21T07:37:38.000+02:00,2026-01-15T17:25:45.000+02:00,3.1582669608000004E8,354760,3.1582669608E8
user_000056,56,2025-10-20T23:06:24.000+02:00,2026-01-18T14:25:03.000+02:00,3.1582669608000004E8,354760,3.1582669608E8
user_000332,56,2025-10-20T23:12:58.000+02:00,2026-01-17T22:49:42.000+02:00,3.1582669608000004E8,354760,3.1582669608E8
user_000568,56,2025-10-21T06:18:28.000+02:00,2026-01-17T08:25:56.000+02:00,3.1582669608000004E8,354760,3.1582669608E8
user_000003,56,2025-10-26T05:33:27.000+02:00,2026-01-18T19:33:02.000+02:00,3.1582669608000004E8,354760,3.1582669608E8
user_000510,56,2025-10-21T06:14:48.000+02:00,2026-01-15T04:41:22.000+02:00,3.1582669608000004E8,354760,3.1582669608E8
user_000661,56,2025-10-21T17:44:13.000+02:00,2026-01-18T04:15:43.000+02:00,3.1582669608000004E8,354760,3.1582669608E8
user_000044,56,2025-10-21T00:51:07.000+02:00,2026-01-13T04:06:39.000+02:00,3.1582669608000004E8,354760,3.1582669608E8
user_000097,56,2025-10-20T22:45:26.000+02:00,2026-01-18T12:20:43.000+02:00,3.1582669608000004E8,354760,3.1582669608E8
user_000059,56,2025-10-21T06:24:31.000+02:00,2026-01-17T09:43:17.000+02:00,3.1582669608000004E8,354760,3.1582669608E8
user_000908,56,2025-10-21T03:17:50.000+02:00,2026-01-18T12:12:29.000+02:00,3.1582669608000004E8,354760,3.1582669608E8
user_000421,56,2025-10-21T03:52:56.000+02:00,2026-01-15T18:21:57.000+02:00,3.1582669608000004E8,354760,3.1582669608E8
user_000741,56,2025-10-21T04:06:52.000+02:00,2026-01-17T04:54:29.000+02:00,3.1582669608000004E8,354760,3.1582669608E8
user_000047,56,2025-10-22T22:04:40.000+02:00,2026-01-17T10:08:57.000+02:00,3.1582669608000004E8,354760,3.1582669608E8
user_000481,56,2025-10-24T00:52:36.000+02:00,2026-01-18T03:36:20.000+02:00,3.1582669608000004E8,354760,3.1582669608E8
user_000435,56,2025-10-23T05:13:11.000+02:00,2026-01-16T02:22:57.000+02:00,3.1582669608000004E8,354760,3.1582669608E8
user_000932,56,2025-10-20T22:53:50.000+02:00,2026-01-16T04:19:01.000+02:00,3.1582669608000004E8,354760,3.1582669608E8
user_000665,56,2025-10-21T06:27:07.000+02:00,2026-01-18T10:50:04.000+02:00,3.1582669608000004E8,354760,3.1582669608E8
user_000929,56,2025-10-25T23:20:06.000+02:00,2026-01-15T22:17:27.000+02:00,3.1582669608000004E8,354760,3.1582669608E8
user_000841,56,2025-10-22T04:51:29.000+02:00,2026-01-16T06:40:13.000+02:00,3.1582669608000004E8,354760,3.1582669608E8
user_000394,56,2025-10-21T08:57:55.000+02:00,2026-01-14T20:07:57.000+02:00,3.1582669608000004E8,354760,3.1582669608E8
user_000199,56,2025-10-21T03:10:21.000+02:00,2026-01-12T02:02:43.000+02:00,3.1582669608000004E8,354760,3.1582669608E8
user_000817,56,2025-10-22T15:39:13.000+02:00,2026-01-18T17:44:51.000+02:00,3.1582669608000004E8,354760,3.1582669608E8
user_000635,56,2025-10-21T05:10:16.000+02:00,2026-01-14T18:53:25.000+02:00,3.1582669608000004E8,354760,3.1582669608E8
user_000385,56,2025-10-22T17:55:57.000+02:00,2026-01-18T11:21:05.000+02:00,3.1582669608000004E8,354760,3.1582669608E8
user_000457,56,2025-10-21T00:34:28.000+02:00,2026-01-17T19:09:46.000+02:00,3.1582669608000004E8,354760,3.1582669608E8
user_000450,56,2025-10-21T04:06:16.000+02:00,2026-01-18T17:56:29.000+02:00,3.1582669608000004E8,354760,3.1582669608E8
user_000752,56,2025-10-20T23:22:27.000+02:00,2026-01-16T09:58:27.000+02:00,3.1582669608000004E8,354760,3.1582669608E8
user_000535,56,2025-10-21T02:21:29.000+02:00,2026-01-18T17:33:17.000+02:00,3.1582669608000004E8,354760,3.1582669608E8
user_000358,56,2025-10-21T01:44:43.000+02:00,2026-01-17T05:23:29.000+02:00,3.1582669608000004E8,354760,3.1582669608E8
user_000340,56,2025-10-21T01:19:43.000+02:00,2026-01-18T10:27:50.000+02:00,3.1582669608000004E8,354760,3.1582669608E8
user_000278,56,2025-10-21T20:56:47.000+02:00,2026-01-18T09:42:38.000+02:00,3.1582669608000004E8,354760,3.1582669608E8
user_000167,56,2025-10-21T11:50:50.000+02:00,2026-01-18T08:40:24.000+02:00,3.1582669608000004E8,354760,3.1582669608E8
user_000221,56,2025-10-21T06:20:59.000+02:00,2026-01-18T19:44:53.000+02:00,3.1582669608000004E8,354760,3.1582669608E8
user_000561,56,2025-10-21T14:58:56.000+02:00,2026-01-18T12:21:29.000+02:00,3.1582669608000004E8,354760,3.1582669608E8
user_000885,56,2025-10-21T15:48:46.000+02:00,2026-01-18T16:18:20.000+02:00,3.1582669608000004E8,354760,3.1582669608E8
user_000917,56,2025-10-21T03:26:00.000+02:00,2026-01-17T11:03:50.000+02:00,3.1582669608000004E8,354760,3.1582669608E8
user_000613,56,2025-10-21T09:18:22.000+02:00,2026-01-12T13:42:17.000+02:00,3.1582669608000004E8,354760,3.1582669608E8
user_000224,56,2025-10-21T17:03:32.000+02:00,2026-01-14T21:58:21.000+02:00,3.1582669608000004E8,354760,3.1582669608E8
user_000589,56,2025-10-20T23:21:04.000+02:00,2026-01-13T12:44:57.000+02:00,3.1582669608000004E8,354760,3.1582669608E8
user_000235,56,2025-10-24T09:21:36.000+02:00,2026-01-17T04:18:09.000+02:00,3.1582669608000004E8,354760,3.1582669608E8
user_000634,56,2025-10-21T08:21:14.000+02:00,2026-01-17T17:32:53.000+02:00,3.1582669608000004E8,354760,3.1582669608E8
user_000664,56,2025-10-25T05:20:13.000+02:00,2026-01-18T14:43:57.000+02:00,3.1582669608000004E8,354760,3.1582669608E8
user_000306,55,2025-10-23T13:18:17.000+02:00,2026-01-18T04:11:12.000+02:00,3.1018693365000004E8,348425,3.1018693365E8
user_000345,55,2025-10-23T20:23:12.000+02:00,2026-01-18T09:08:02.000+02:00,3.1018693365000004E8,348425,3.1018693365E8
user_000636,55,2025-10-23T07:02:58.000+02:00,2026-01-15T11:08:04.000+02:00,3.1018693365000004E8,348425,3.1018693365E8
user_000499,55,2025-10-20T21:06:10.000+02:00,2026-01-18T05:22:23.000+02:00,3.1018693365000004E8,348425,3.1018693365E8
user_000674,55,2025-10-21T23:56:04.000+02:00,2026-01-18T01:48:49.000+02:00,3.1018693365000004E8,348425,3.1018693365E8
user_000023,55,2025-10-22T04:28:14.000+02:00,2026-01-15T23:35:55.000+02:00,3.1018693365000004E8,348425,3.1018693365E8
user_000848,55,2025-10-23T02:46:02.000+02:00,2026-01-17T03:37:40.000+02:00,3.1018693365000004E8,348425,3.1018693365E8
user_000365,55,2025-10-24T16:36:28.000+02:00,2026-01-18T04:51:29.000+02:00,3.1018693365000004E8,348425,3.1018693365E8
user_000823,55,2025-10-21T13:19:46.000+02:00,2026-01-18T12:11:36.000+02:00,3.1018693365000004E8,348425,3.1018693365E8
user_000095,55,2025-10-22T07:27:45.000+02:00,2026-01-15T00:00:12.000+02:00,3.1018693365000004E8,348425,3.1018693365E8
user_000870,55,2025-10-21T03:20:57.000+02:00,2026-01-17T07:24:33.000+02:00,3.1018693365000004E8,348425,3.1018693365E8
user_000302,55,2025-10-24T01:16:30.000+02:00,2026-01-18T14:58:04.000+02:00,3.1018693365000004E8,348425,3.1018693365E8
user_000197,55,2025-10-21T14:59:00.000+02:00,2026-01-18T13:48:19.000+02:00,3.1018693365000004E8,348425,3.1018693365E8
user_000470,55,2025-10-21T23:29:52.000+02:00,2026-01-15T23:58:55.000+02:00,3.1018693365000004E8,348425,3.1018693365E8
user_000401,55,2025-10-23T23:56:13.000+02:00,2026-01-12T07:00:13.000+02:00,3.1018693365000004E8,348425,3.1018693365E8
user_000978,55,2025-10-20T20:07:08.000+02:00,2026-01-18T00:57:13.000+02:00,3.1018693365000004E8,348425,3.1018693365E8
user_000092,55,2025-10-23T12:17:09.000+02:00,2026-01-15T00:55:55.000+02:00,3.1018693365000004E8,348425,3.1018693365E8
user_000439,55,2025-10-21T17:20:44.000+02:00,2026-01-16T17:24:21.000+02:00,3.1018693365000004E8,348425,3.1018693365E8
user_000160,55,2025-10-20T23:59:49.000+02:00,2026-01-18T11:49:55.000+02:00,3.1018693365000004E8,348425,3.1018693365E8
user_000945,55,2025-10-23T11:48:55.000+02:00,2026-01-17T10:14:20.000+02:00,3.1018693365000004E8,348425,3.1018693365E8
user_000697,55,2025-10-21T22:36:05.000+02:00,2026-01-17T23:13:21.000+02:00,3.1018693365000004E8,348425,3.1018693365E8
user_000782,55,2025-10-21T17:16:37.000+02:00,2026-01-18T18:40:29.000+02:00,3.1018693365000004E8,348425,3.1018693365E8
user_000400,55,2025-10-23T07:23:21.000+02:00,2026-01-17T16:40:12.000+02:00,3.1018693365000004E8,348425,3.1018693365E8
user_000682,55,2025-10-22T03:52:06.000+02:00,2026-01-17T22:37:50.000+02:00,3.1018693365000004E8,348425,3.1018693365E8
user_000001,55,2025-10-21T18:25:12.000+02:00,2026-01-18T11:25:13.000+02:00,3.1018693365000004E8,348425,3.1018693365E8
user_000804,55,2025-10-21T14:22:42.000+02:00,2026-01-13T23:20:11.000+02:00,3.1018693365000004E8,348425,3.1018693365E8
user_000388,55,2025-10-24T07:34:43.000+02:00,2026-01-17T03:53:16.000+02:00,3.1018693365000004E8,348425,3.1018693365E8
user_000172,55,2025-10-24T00:48:42.000+02:00,2026-01-17T23:54:52.000+02:00,3.1018693365000004E8,348425,3.1018693365E8
user_000725,55,2025-10-21T18:22:29.000+02:00,2026-01-17T23:34:54.000+02:00,3.1018693365000004E8,348425,3.1018693365E8
user_000695,55,2025-10-21T05:22:37.000+02:00,2026-01-16T11:10:26.000+02:00,3.1018693365000004E8,348425,3.1018693365E8
user_000324,55,2025-10-24T00:00:40.000+02:00,2026-01-18T09:21:42.000+02:00,3.1018693365000004E8,348425,3.1018693365E8
user_000063,55,2025-10-21T17:37:58.000+02:00,2026-01-18T16:51:30.000+02:00,3.1018693365000004E8,348425,3.1018693365E8
user_000779,55,2025-10-22T20:08:42.000+02:00,2026-01-18T07:45:57.000+02:00,3.1018693365000004E8,348425,3.1018693365E8
user_000483,55,2025-10-22T21:13:36.000+02:00,2026-01-18T01:00:02.000+02:00,3.1018693365000004E8,348425,3.1018693365E8
user_000078,55,2025-10-24T03:56:44.000+02:00,2026-01-18T18:02:15.000+02:00,3.1018693365000004E8,348425,3.1018693365E8
user_000611,55,2025-10-21T10:08:45.000+02:00,2026-01-15T16:37:57.000+02:00,3.1018693365000004E8,348425,3.1018693365E8
user_000760,55,2025-10-21T21:52:07.000+02:00,2026-01-16T21:39:40.000+02:00,3.1018693365000004E8,348425,3.1018693365E8
user_000418,55,2025-10-26T04:12:09.000+02:00,2026-01-18T09:36:39.000+02:00,3.1018693365000004E8,348425,3.1018693365E8
user_000478,55,2025-10-23T07:43:29.000+02:00,2026-01-17T23:18:42.000+02:00,3.1018693365000004E8,348425,3.1018693365E8
user_000876,55,2025-10-21T09:50:37.000+02:00,2026-01-16T00:15:45.000+02:00,3.1018693365000004E8,348425,3.1018693365E8
user_000878,55,2025-10-21T04:13:31.000+02:00,2026-01-16T00:22:02.000+02:00,3.1018693365000004E8,348425,3.1018693365E8
user_000068,55,2025-10-23T12:24:13.000+02:00,2026-01-13T23:33:42.000+02:00,3.1018693365000004E8,348425,3.1018693365E8
user_000912,55,2025-10-22T09:13:28.000+02:00,2026-01-16T12:49:45.000+02:00,3.1018693365000004E8,348425,3.1018693365E8
user_000451,55,2025-10-21T08:17:05.000+02:00,2026-01-17T05:39:59.000+02:00,3.1018693365000004E8,348425,3.1018693365E8
user_000985,55,2025-10-22T01:14:32.000+02:00,2026-01-18T20:21:43.000+02:00,3.1018693365000004E8,348425,3.1018693365E8
user_000689,55,2025-10-21T00:33:56.000+02:00,2026-01-15T19:06:17.000+02:00,3.1018693365000004E8,348425,3.1018693365E8
user_000896,55,2025-10-22T01:16:22.000+02:00,2026-01-17T20:27:02.000+02:00,3.1018693365000004E8,348425,3.1018693365E8
user_000722,55,2025-10-24T10:34:46.000+02:00,2026-01-18T11:32:04.000+02:00,3.1018693365000004E8,348425,3.1018693365E8
user_000880,55,2025-10-21T00:30:42.000+02:00,2026-01-14T08:45:59.000+02:00,3.1018693365000004E8,348425,3.1018693365E8
user_000045,55,2025-10-21T22:36:54.000+02:00,2026-01-17T11:33:42.000+02:00,3.1018693365000004E8,348425,3.1018693365E8
user_000183,55,2025-10-23T07:39:01.000+02:00,2026-01-16T16:29:13.000+02:00,3.1018693365000004E8,348425,3.1018693365E8
user_000402,55,2025-10-21T09:27:40.000+02:00,2026-01-18T12:09:08.000+02:00,3.1018693365000004E8,348425,3.1018693365E8
user_000906,55,2025-10-26T06:16:42.000+02:00,2026-01-18T15:03:26.000+02:00,3.1018693365000004E8,348425,3.1018693365E8
user_000143,55,2025-10-25T08:42:36.000+02:00,2026-01-17T03:18:38.000+02:00,3.1018693365000004E8,348425,3.1018693365E8
user_000794,54,2025-10-26T14:50:34.000+02:00,2026-01-17T07:30:04.000+02:00,3.0454717122E8,342090,3.0454717122E8
user_000062,54,2025-10-21T13:47:23.000+02:00,2026-01-18T12:48:50.000+02:00,3.0454717122E8,342090,3.0454717122E8
user_000559,54,2025-10-21T02:56:00.000+02:00,2026-01-18T07:52:50.000+02:00,3.0454717122E8,342090,3.0454717122E8
user_000585,54,2025-10-21T02:57:24.000+02:00,2026-01-18T16:06:57.000+02:00,3.0454717122E8,342090,3.0454717122E8
user_000356,54,2025-10-22T08:33:02.000+02:00,2026-01-17T11:41:35.000+02:00,3.0454717122E8,342090,3.0454717122E8
user_000818,54,2025-10-22T21:03:08.000+02:00,2026-01-17T11:48:53.000+02:00,3.0454717122E8,342090,3.0454717122E8
user_000555,54,2025-10-22T20:25:34.000+02:00,2026-01-13T11:42:24.000+02:00,3.0454717122E8,342090,3.0454717122E8
user_000331,54,2025-10-23T06:40:55.000+02:00,2026-01-18T17:21:43.000+02:00,3.0454717122E8,342090,3.0454717122E8
user_000888,54,2025-10-21T21:52:01.000+02:00,2026-01-16T15:44:43.000+02:00,3.0454717122E8,342090,3.0454717122E8
user_000713,54,2025-10-21T06:58:46.000+02:00,2026-01-16T22:16:07.000+02:00,3.0454717122E8,342090,3.0454717122E8
user_000018,54,2025-10-21T18:20:21.000+02:00,2026-01-18T10:01:29.000+02:00,3.0454717122E8,342090,3.0454717122E8
user_000109,54,2025-10-21T12:18:40.000+02:00,2026-01-13T05:59:10.000+02:00,3.0454717122E8,342090,3.0454717122E8
user_000547,54,2025-10-22T03:35:06.000+02:00,2026-01-18T18:09:10.000+02:00,3.0454717122E8,342090,3.0454717122E8
user_000294,54,2025-10-22T15:58:17.000+02:00,2026-01-17T07:00:27.000+02:00,3.0454717122E8,342090,3.0454717122E8
user_000006,54,2025-10-21T15:47:33.000+02:00,2026-01-17T06:46:08.000+02:00,3.0454717122E8,342090,3.0454717122E8
user_000565,54,2025-10-21T22:52:45.000+02:00,2026-01-18T15:18:34.000+02:00,3.0454717122E8,342090,3.0454717122E8
user_000987,54,2025-10-24T17:48:25.000+02:00,2026-01-18T09:27:18.000+02:00,3.0454717122E8,342090,3.0454717122E8
user_000882,54,2025-10-21T22:00:14.000+02:00,2026-01-15T19:30:03.000+02:00,3.0454717122E8,342090,3.0454717122E8
user_000963,54,2025-10-27T02:37:48.000+02:00,2026-01-18T18:04:21.000+02:00,3.0454717122E8,342090,3.0454717122E8
user_000264,54,2025-10-22T04:36:37.000+02:00,2026-01-15T05:23:12.000+02:00,3.0454717122E8,342090,3.0454717122E8
user_000761,54,2025-10-23T17:17:52.000+02:00,2026-01-17T20:50:34.000+02:00,3.0454717122E8,342090,3.0454717122E8
user_000638,54,2025-10-21T06:44:36.000+02:00,2026-01-15T02:39:11.000+02:00,3.0454717122E8,342090,3.0454717122E8
user_000337,54,2025-10-26T04:05:57.000+02:00,2026-01-12T09:09:40.000+02:00,3.0454717122E8,342090,3.0454717122E8
user_000552,54,2025-10-22T12:47:03.000+02:00,2026-01-17T13:13:24.000+02:00,3.0454717122E8,342090,3.0454717122E8
user_000071,54,2025-10-20T23:01:07.000+02:00,2026-01-18T12:29:55.000+02:00,3.0454717122E8,342090,3.0454717122E8
user_000140,54,2025-10-24T06:58:08.000+02:00,2026-01-16T08:35:41.000+02:00,3.0454717122E8,342090,3.0454717122E8
user_000942,54,2025-10-21T02:58:00.000+02:00,2026-01-16T04:23:37.000+02:00,3.0454717122E8,342090,3.0454717122E8
user_000965,54,2025-10-22T15:09:09.000+02:00,2026-01-18T00:14:11.000+02:00,3.0454717122E8,342090,3.0454717122E8
user_000130,54,2025-10-21T00:19:02.000+02:00,2026-01-17T21:32:50.000+02:00,3.0454717122E8,342090,3.0454717122E8
user_000855,54,2025-10-21T19:57:10.000+02:00,2026-01-18T07:07:40.000+02:00,3.0454717122E8,342090,3.0454717122E8
user_000363,54,2025-10-20T22:05:28.000+02:00,2026-01-18T05:52:43.000+02:00,3.0454717122E8,342090,3.0454717122E8
user_000286,54,2025-10-21T05:21:49.000+02:00,2026-01-16T11:44:53.000+02:00,3.0454717122E8,342090,3.0454717122E8
user_000726,54,2025-10-21T02:23:33.000+02:00,2026-01-15T22:08:23.000+02:00,3.0454717122E8,342090,3.0454717122E8
user_000192,54,2025-10-23T03:29:59.000+02:00,2026-01-14T08:31:35.000+02:00,3.0454717122E8,342090,3.0454717122E8
user_000538,54,2025-10-23T11:13:51.000+02:00,2026-01-17T06:06:14.000+02:00,3.0454717122E8,342090,3.0454717122E8
user_000618,54,2025-10-21T23:30:37.000+02:00,2026-01-18T02:29:54.000+02:00,3.0454717122E8,342090,3.0454717122E8
user_000226,54,2025-10-21T07:07:51.000+02:00,2026-01-13T22:24:18.000+02:00,3.0454717122E8,342090,3.0454717122E8
user_000295,54,2025-10-21T21:13:33.000+02:00,2026-01-18T13:01:43.000+02:00,3.0454717122E8,342090,3.0454717122E8
user_000577,53,2025-10-26T10:48:27.000+02:00,2026-01-18T14:31:10.000+02:00,2.9890740879E8,335755,2.9890740879E8
user_000372,53,2025-10-24T18:05:40.000+02:00,2026-01-16T02:55:25.000+02:00,2.9890740879E8,335755,2.9890740879E8
user_000706,53,2025-10-22T11:13:36.000+02:00,2026-01-14T08:13:41.000+02:00,2.9890740879E8,335755,2.9890740879E8
user_000868,53,2025-10-21T19:21:49.000+02:00,2026-01-17T04:08:47.000+02:00,2.9890740879E8,335755,2.9890740879E8
user_000455,53,2025-10-23T02:46:28.000+02:00,2026-01-17T12:03:59.000+02:00,2.9890740879E8,335755,2.9890740879E8
user_000935,53,2025-10-22T01:26:04.000+02:00,2026-01-18T07:59:04.000+02:00,2.9890740879E8,335755,2.9890740879E8
user_000116,53,2025-10-21T04:00:11.000+02:00,2026-01-18T19:02:52.000+02:00,2.9890740879E8,335755,2.9890740879E8
user_000040,53,2025-10-25T11:20:40.000+02:00,2026-01-17T08:38:15.000+02:00,2.9890740879E8,335755,2.9890740879E8
user_000103,53,2025-10-20T20:03:22.000+02:00,2026-01-18T16:17:51.000+02:00,2.9890740879E8,335755,2.9890740879E8
user_000914,53,2025-10-21T07:09:06.000+02:00,2026-01-17T17:15:15.000+02:00,2.9890740879E8,335755,2.9890740879E8
user_000758,53,2025-10-21T12:40:27.000+02:00,2026-01-16T11:34:49.000+02:00,2.9890740879E8,335755,2.9890740879E8
user_000504,53,2025-10-21T23:35:06.000+02:00,2026-01-16T06:04:13.000+02:00,2.9890740879E8,335755,2.9890740879E8
user_000910,53,2025-10-21T03:57:35.000+02:00,2026-01-18T11:19:43.000+02:00,2.9890740879E8,335755,2.9890740879E8
user_000813,53,2025-10-21T12:18:52.000+02:00,2026-01-16T16:22:42.000+02:00,2.9890740879E8,335755,2.9890740879E8
user_000240,53,2025-10-25T16:56:02.000+02:00,2026-01-17T14:38:29.000+02:00,2.9890740879E8,335755,2.9890740879E8
user_000230,53,2025-10-26T14:42:54.000+02:00,2026-01-18T19:36:53.000+02:00,2.9890740879E8,335755,2.9890740879E8
user_000601,53,2025-10-21T10:46:28.000+02:00,2026-01-18T02:05:12.000+02:00,2.9890740879E8,335755,2.9890740879E8
user_000517,53,2025-10-24T21:12:53.000+02:00,2026-01-16T09:43:17.000+02:00,2.9890740879E8,335755,2.9890740879E8
user_000179,53,2025-10-20T23:21:29.000+02:00,2026-01-16T15:21:30.000+02:00,2.9890740879E8,335755,2.9890740879E8
user_000162,53,2025-10-21T06:31:22.000+02:00,2026-01-16T13:17:27.000+02:00,2.9890740879E8,335755,2.9890740879E8
user_000472,53,2025-10-21T07:40:08.000+02:00,2026-01-17T06:41:23.000+02:00,2.9890740879E8,335755,2.9890740879E8
user_000502,53,2025-10-21T19:36:55.000+02:00,2026-01-18T08:06:32.000+02:00,2.9890740879E8,335755,2.9890740879E8
user_000320,53,2025-10-21T20:10:26.000+02:00,2026-01-17T02:40:50.000+02:00,2.9890740879E8,335755,2.9890740879E8
user_000349,53,2025-10-21T08:28:44.000+02:00,2026-01-18T13:08:37.000+02:00,2.9890740879E8,335755,2.9890740879E8
user_000028,53,2025-10-23T09:44:44.000+02:00,2026-01-18T07:45:13.000+02:00,2.9890740879E8,335755,2.9890740879E8
user_000971,53,2025-10-21T05:59:12.000+02:00,2026-01-17T14:07:44.000+02:00,2.9890740879E8,335755,2.9890740879E8
user_000191,53,2025-10-21T11:34:03.000+02:00,2026-01-08T23:30:07.000+02:00,2.9890740879E8,335755,2.9890740879E8
user_000816,53,2025-10-22T16:27:48.000+02:00,2026-01-16T18:27:17.000+02:00,2.9890740879E8,335755,2.9890740879E8
user_000121,53,2025-10-20T22:51:27.000+02:00,2026-01-16T22:09:34.000+02:00,2.9890740879E8,335755,2.9890740879E8
user_000905,53,2025-10-21T08:41:34.000+02:00,2026-01-18T10:56:04.000+02:00,2.9890740879E8,335755,2.9890740879E8
user_000233,53,2025-10-23T15:19:55.000+02:00,2026-01-16T00:02:05.000+02:00,2.9890740879E8,335755,2.9890740879E8
user_000812,53,2025-10-24T15:56:39.000+02:00,2026-01-17T01:50:36.000+02:00,2.9890740879E8,335755,2.9890740879E8
user_000105,53,2025-10-22T00:19:11.000+02:00,2026-01-18T13:27:10.000+02:00,2.9890740879E8,335755,2.9890740879E8
user_000805,53,2025-10-21T03:01:51.000+02:00,2026-01-15T00:23:36.000+02:00,2.9890740879E8,335755,2.9890740879E8
user_000981,53,2025-10-25T14:20:10.000+02:00,2026-01-18T04:31:34.000+02:00,2.9890740879E8,335755,2.9890740879E8
user_000556,53,2025-10-22T10:29:32.000+02:00,2026-01-18T10:27:34.000+02:00,2.9890740879E8,335755,2.9890740879E8
user_000321,53,2025-10-26T14:46:03.000+02:00,2026-01-18T14:00:10.000+02:00,2.9890740879E8,335755,2.9890740879E8
user_000564,53,2025-10-20T21:36:03.000+02:00,2026-01-17T23:46:13.000+02:00,2.9890740879E8,335755,2.9890740879E8
user_000588,53,2025-10-21T16:30:35.000+02:00,2026-01-18T02:03:02.000+02:00,2.9890740879E8,335755,2.9890740879E8
user_000793,53,2025-10-21T09:03:31.000+02:00,2026-01-18T08:28:24.000+02:00,2.9890740879E8,335755,2.9890740879E8
user_000913,53,2025-10-21T18:24:14.000+02:00,2026-01-17T13:39:37.000+02:00,2.9890740879E8,335755,2.9890740879E8
user_000305,53,2025-10-24T00:27:28.000+02:00,2026-01-18T15:59:05.000+02:00,2.9890740879E8,335755,2.9890740879E8
user_000520,53,2025-10-21T05:07:16.000+02:00,2026-01-18T13:35:11.000+02:00,2.9890740879E8,335755,2.9890740879E8
user_000829,53,2025-10-20T22:56:20.000+02:00,2026-01-17T09:49:06.000+02:00,2.9890740879E8,335755,2.9890740879E8
user_000648,53,2025-10-22T03:45:07.000+02:00,2026-01-17T04:04:06.000+02:00,2.9890740879E8,335755,2.9890740879E8
user_000469,53,2025-10-21T19:18:51.000+02:00,2026-01-18T09:10:08.000+02:00,2.9890740879E8,335755,2.9890740879E8
user_000673,53,2025-10-20T21:34:42.000+02:00,2026-01-16T16:07:06.000+02:00,2.9890740879E8,335755,2.9890740879E8
user_000029,53,2025-10-21T22:02:07.000+02:00,2026-01-18T18:03:07.000+02:00,2.9890740879E8,335755,2.9890740879E8
user_000628,53,2025-10-23T22:30:22.000+02:00,2026-01-16T15:38:47.000+02:00,2.9890740879E8,335755,2.9890740879E8
user_000415,53,2025-10-21T02:02:15.000+02:00,2026-01-18T13:08:52.000+02:00,2.9890740879E8,335755,2.9890740879E8
user_000477,53,2025-10-22T02:34:20.000+02:00,2026-01-18T00:24:49.000+02:00,2.9890740879E8,335755,2.9890740879E8
user_000444,53,2025-10-21T09:02:57.000+02:00,2026-01-18T02:47:35.000+02:00,2.9890740879E8,335755,2.9890740879E8
user_000512,53,2025-10-24T05:23:18.000+02:00,2026-01-17T16:58:28.000+02:00,2.9890740879E8,335755,2.9890740879E8
user_000383,53,2025-10-22T14:22:35.000+02:00,2026-01-18T15:34:49.000+02:00,2.9890740879E8,335755,2.9890740879E8
user_000646,53,2025-10-20T21:19:59.000+02:00,2026-01-17T18:36:01.000+02:00,2.9890740879E8,335755,2.9890740879E8
user_000508,53,2025-10-21T22:28:52.000+02:00,2026-01-17T17:13:12.000+02:00,2.9890740879E8,335755,2.9890740879E8
user_000690,53,2025-10-20T21:18:18.000+02:00,2026-01-16T04:48:47.000+02:00,2.9890740879E8,335755,2.9890740879E8
user_000554,53,2025-10-21T05:09:31.000+02:00,2026-01-10T17:44:27.000+02:00,2.9890740879E8,335755,2.9890740879E8
user_000187,53,2025-10-20T20:21:31.000+02:00,2026-01-13T21:50:58.000+02:00,2.9890740879E8,335755,2.9890740879E8
user_000000,53,2025-10-23T19:20:03.000+02:00,2026-01-15T18:11:29.000+02:00,2.9890740879E8,335755,2.9890740879E8
user_000854,52,2025-10-24T01:49:49.000+02:00,2026-01-18T13:20:12.000+02:00,2.9326764636E8,329420,2.9326764636E8
user_000096,52,2025-10-20T21:02:55.000+02:00,2026-01-18T19:31:08.000+02:00,2.9326764636E8,329420,2.9326764636E8
user_000390,52,2025-10-22T07:49:44.000+02:00,2026-01-18T13:01:28.000+02:00,2.9326764636E8,329420,2.9326764636E8
user_000537,52,2025-10-21T11:01:10.000+02:00,2026-01-13T15:50:20.000+02:00,2.9326764636E8,329420,2.9326764636E8
user_000369,52,2025-10-29T11:22:54.000+02:00,2026-01-18T08:48:12.000+02:00,2.9326764636E8,329420,2.9326764636E8
user_000670,52,2025-10-21T07:06:00.000+02:00,2026-01-18T10:53:00.000+02:00,2.9326764636E8,329420,2.9326764636E8
user_000261,52,2025-10-21T11:11:55.000+02:00,2026-01-18T14:55:08.000+02:00,2.9326764636E8,329420,2.9326764636E8
user_000124,52,2025-10-29T22:11:36.000+02:00,2026-01-17T04:14:43.000+02:00,2.9326764636E8,329420,2.9326764636E8
user_000989,52,2025-10-21T12:45:25.000+02:00,2026-01-17T23:07:19.000+02:00,2.9326764636E8,329420,2.9326764636E8
user_000077,52,2025-10-27T16:28:21.000+02:00,2026-01-18T16:34:35.000+02:00,2.9326764636E8,329420,2.9326764636E8
user_000687,52,2025-10-21T20:00:02.000+02:00,2026-01-15T13:53:49.000+02:00,2.9326764636E8,329420,2.9326764636E8
user_000574,52,2025-10-21T00:24:35.000+02:00,2026-01-17T12:58:36.000+02:00,2.9326764636E8,329420,2.9326764636E8
user_000125,52,2025-10-21T02:34:29.000+02:00,2026-01-17T03:07:55.000+02:00,2.9326764636E8,329420,2.9326764636E8
user_000142,52,2025-10-26T19:02:38.000+02:00,2026-01-18T08:14:14.000+02:00,2.9326764636E8,329420,2.9326764636E8
user_000754,52,2025-10-25T02:34:25.000+02:00,2026-01-18T07:35:44.000+02:00,2.9326764636E8,329420,2.9326764636E8
user_000948,52,2025-10-23T02:42:28.000+02:00,2026-01-18T14:52:47.000+02:00,2.9326764636E8,329420,2.9326764636E8
user_000820,52,2025-10-23T19:47:48.000+02:00,2026-01-17T01:09:16.000+02:00,2.9326764636E8,329420,2.9326764636E8
user_000686,52,2025-10-22T05:08:46.000+02:00,2026-01-13T09:37:40.000+02:00,2.9326764636E8,329420,2.9326764636E8
user_000862,52,2025-10-24T21:58:47.000+02:00,2026-01-17T22:56:53.000+02:00,2.9326764636E8,329420,2.9326764636E8
user_000897,52,2025-10-21T00:15:55.000+02:00,2026-01-18T03:53:26.000+02:00,2.9326764636E8,329420,2.9326764636E8
user_000781,52,2025-10-21T13:13:44.000+02:00,2026-01-16T21:30:24.000+02:00,2.9326764636E8,329420,2.9326764636E8
user_000749,52,2025-10-21T00:27:20.000+02:00,2026-01-18T19:17:58.000+02:00,2.9326764636E8,329420,2.9326764636E8
user_000070,52,2025-10-21T00:14:14.000+02:00,2026-01-18T14:38:57.000+02:00,2.9326764636E8,329420,2.9326764636E8
user_000620,52,2025-10-20T21:07:12.000+02:00,2026-01-17T10:07:40.000+02:00,2.9326764636E8,329420,2.9326764636E8
user_000642,52,2025-10-27T01:48:54.000+02:00,2026-01-17T06:31:39.000+02:00,2.9326764636E8,329420,2.9326764636E8
user_000832,52,2025-10-21T05:26:39.000+02:00,2026-01-17T13:32:26.000+02:00,2.9326764636E8,329420,2.9326764636E8
user_000936,52,2025-10-24T04:56:28.000+02:00,2026-01-18T17:50:45.000+02:00,2.9326764636E8,329420,2.9326764636E8
user_000015,52,2025-10-21T12:48:48.000+02:00,2026-01-18T19:44:22.000+02:00,2.9326764636E8,329420,2.9326764636E8
user_000343,52,2025-10-21T08:54:58.000+02:00,2026-01-18T00:28:58.000+02:00,2.9326764636E8,329420,2.9326764636E8
user_000988,52,2025-10-22T14:43:17.000+02:00,2026-01-17T22:36:59.000+02:00,2.9326764636E8,329420,2.9326764636E8
user_000009,52,2025-10-21T11:59:52.000+02:00,2026-01-18T15:09:16.000+02:00,2.9326764636E8,329420,2.9326764636E8
user_000551,52,2025-10-27T05:33:06.000+02:00,2026-01-18T02:29:17.000+02:00,2.9326764636E8,329420,2.9326764636E8
user_000627,52,2025-10-25T00:41:41.000+02:00,2026-01-15T20:00:59.000+02:00,2.9326764636E8,329420,2.9326764636E8
user_000270,52,2025-10-20T23:17:05.000+02:00,2026-01-18T04:46:15.000+02:00,2.9326764636E8,329420,2.9326764636E8
user_000461,52,2025-10-21T16:46:38.000+02:00,2026-01-15T15:23:53.000+02:00,2.9326764636E8,329420,2.9326764636E8
user_000501,52,2025-10-23T22:21:51.000+02:00,2026-01-17T05:33:42.000+02:00,2.9326764636E8,329420,2.9326764636E8
user_000899,52,2025-10-23T13:31:34.000+02:00,2026-01-16T20:28:42.000+02:00,2.9326764636E8,329420,2.9326764636E8
user_000580,52,2025-10-21T14:50:23.000+02:00,2026-01-17T12:23:50.000+02:00,2.9326764636E8,329420,2.9326764636E8
user_000309,52,2025-10-21T00:21:33.000+02:00,2026-01-18T08:31:44.000+02:00,2.9326764636E8,329420,2.9326764636E8
user_000737,52,2025-10-22T00:19:16.000+02:00,2026-01-18T17:11:25.000+02:00,2.9326764636E8,329420,2.9326764636E8
user_000757,52,2025-10-21T04:40:24.000+02:00,2026-01-18T03:05:29.000+02:00,2.9326764636E8,329420,2.9326764636E8
user_000409,52,2025-10-21T22:21:03.000+02:00,2026-01-18T16:56:48.000+02:00,2.9326764636E8,329420,2.9326764636E8
user_000091,52,2025-10-21T03:32:24.000+02:00,2026-01-18T18:40:00.000+02:00,2.9326764636E8,329420,2.9326764636E8
user_000137,52,2025-10-22T22:34:40.000+02:00,2026-01-16T02:20:34.000+02:00,2.9326764636E8,329420,2.9326764636E8
user_000437,52,2025-10-21T04:41:19.000+02:00,2026-01-18T03:02:06.000+02:00,2.9326764636E8,329420,2.9326764636E8
user_000341,52,2025-10-24T00:36:39.000+02:00,2026-01-18T04:50:57.000+02:00,2.9326764636E8,329420,2.9326764636E8
user_000318,52,2025-10-21T13:19:09.000+02:00,2026-01-13T19:49:28.000+02:00,2.9326764636E8,329420,2.9326764636E8
user_000339,51,2025-10-23T10:38:47.000+02:00,2026-01-18T11:01:07.000+02:00,2.8762788393E8,323085,2.8762788393E8
user_000171,51,2025-10-22T14:04:06.000+02:00,2026-01-18T17:41:18.000+02:00,2.8762788393E8,323085,2.8762788393E8
user_000458,51,2025-10-20T21:48:35.000+02:00,2026-01-18T20:10:51.000+02:00,2.8762788393E8,323085,2.8762788393E8
user_000100,51,2025-10-21T03:32:01.000+02:00,2026-01-16T08:03:12.000+02:00,2.8762788393E8,323085,2.8762788393E8
user_000217,51,2025-10-22T00:26:27.000+02:00,2026-01-15T18:16:21.000+02:00,2.8762788393E8,323085,2.8762788393E8
user_000740,51,2025-10-21T12:03:07.000+02:00,2026-01-15T03:09:39.000+02:00,2.8762788393E8,323085,2.8762788393E8
user_000685,51,2025-10-21T03:30:55.000+02:00,2026-01-17T13:07:03.000+02:00,2.8762788393E8,323085,2.8762788393E8
user_000961,51,2025-10-20T23:41:51.000+02:00,2026-01-18T18:50:12.000+02:00,2.8762788393E8,323085,2.8762788393E8
user_000301,51,2025-10-23T15:41:58.000+02:00,2026-01-17T22:11:38.000+02:00,2.8762788393E8,323085,2.8762788393E8
user_000310,51,2025-10-21T19:02:18.000+02:00,2026-01-15T11:58:19.000+02:00,2.8762788393E8,323085,2.8762788393E8
user_000329,51,2025-10-28T23:02:49.000+02:00,2026-01-15T13:33:19.000+02:00,2.8762788393E8,323085,2.8762788393E8
user_000958,51,2025-10-20T22:46:47.000+02:00,2026-01-18T09:22:55.000+02:00,2.8762788393E8,323085,2.8762788393E8
user_000647,51,2025-10-26T19:03:03.000+02:00,2026-01-12T23:34:38.000+02:00,2.8762788393E8,323085,2.8762788393E8
user_000107,51,2025-10-24T23:30:10.000+02:00,2026-01-17T03:44:14.000+02:00,2.8762788393E8,323085,2.8762788393E8
user_000076,51,2025-10-21T11:32:18.000+02:00,2026-01-18T18:57:59.000+02:00,2.8762788393E8,323085,2.8762788393E8
user_000025,51,2025-10-24T17:56:44.000+02:00,2026-01-14T12:13:34.000+02:00,2.8762788393E8,323085,2.8762788393E8
user_000763,51,2025-10-23T01:29:00.000+02:00,2026-01-18T16:04:09.000+02:00,2.8762788393E8,323085,2.8762788393E8
user_000825,51,2025-10-22T06:35:44.000+02:00,2026-01-18T02:22:52.000+02:00,2.8762788393E8,323085,2.8762788393E8
user_000702,51,2025-10-21T20:49:42.000+02:00,2026-01-18T01:37:48.000+02:00,2.8762788393E8,323085,2.8762788393E8
user_000333,51,2025-10-22T02:53:13.000+02:00,2026-01-17T17:14:07.000+02:00,2.8762788393E8,323085,2.8762788393E8
user_000641,51,2025-10-21T02:24:18.000+02:00,2026-01-12T23:58:05.000+02:00,2.8762788393E8,323085,2.8762788393E8
user_000579,51,2025-10-20T23:37:28.000+02:00,2026-01-17T09:10:58.000+02:00,2.8762788393E8,323085,2.8762788393E8
user_000155,51,2025-10-23T11:24:56.000+02:00,2026-01-18T14:54:14.000+02:00,2.8762788393E8,323085,2.8762788393E8
user_000711,51,2025-10-21T14:19:25.000+02:00,2026-01-16T05:55:23.000+02:00,2.8762788393E8,323085,2.8762788393E8
user_000954,51,2025-10-25T09:13:53.000+02:00,2026-01-18T04:13:53.000+02:00,2.8762788393E8,323085,2.8762788393E8
user_000214,51,2025-10-24T13:57:21.000+02:00,2026-01-16T21:16:21.000+02:00,2.8762788393E8,323085,2.8762788393E8
user_000326,51,2025-10-22T05:11:21.000+02:00,2026-01-14T09:07:13.000+02:00,2.8762788393E8,323085,2.8762788393E8
user_000915,51,2025-10-21T22:04:47.000+02:00,2026-01-18T09:29:39.000+02:00,2.8762788393E8,323085,2.8762788393E8
user_000828,51,2025-10-24T06:22:28.000+02:00,2026-01-15T15:21:34.000+02:00,2.8762788393E8,323085,2.8762788393E8
user_000524,51,2025-10-22T23:24:40.000+02:00,2026-01-18T12:00:44.000+02:00,2.8762788393E8,323085,2.8762788393E8
user_000352,51,2025-10-23T03:25:36.000+02:00,2026-01-17T20:38:42.000+02:00,2.8762788393E8,323085,2.8762788393E8
user_000867,51,2025-10-21T12:40:11.000+02:00,2026-01-18T06:44:28.000+02:00,2.8762788393E8,323085,2.8762788393E8
user_000164,51,2025-10-21T18:12:05.000+02:00,2026-01-16T16:51:05.000+02:00,2.8762788393E8,323085,2.8762788393E8
user_000919,51,2025-10-22T20:05:01.000+02:00,2026-01-17T07:44:51.000+02:00,2.8762788393E8,323085,2.8762788393E8
user_000831,51,2025-10-23T00:22:59.000+02:00,2026-01-17T11:06:46.000+02:00,2.8762788393E8,323085,2.8762788393E8
user_000067,51,2025-10-21T07:13:24.000+02:00,2026-01-16T05:13:33.000+02:00,2.8762788393E8,323085,2.8762788393E8
user_000213,51,2025-10-28T10:11:08.000+02:00,2026-01-15T11:30:51.000+02:00,2.8762788393E8,323085,2.8762788393E8
user_000940,51,2025-10-21T02:09:03.000+02:00,2026-01-16T20:21:51.000+02:00,2.8762788393E8,323085,2.8762788393E8
user_000999,51,2025-10-22T10:46:18.000+02:00,2026-01-17T17:50:34.000+02:00,2.8762788393E8,323085,2.8762788393E8
user_000544,51,2025-10-21T05:03:31.000+02:00,2026-01-15T06:05:23.000+02:00,2.8762788393E8,323085,2.8762788393E8
user_000784,51,2025-10-20T22:23:33.000+02:00,2026-01-18T14:17:22.000+02:00,2.8762788393E8,323085,2.8762788393E8
user_000447,51,2025-10-23T18:20:16.000+02:00,2026-01-18T06:16:44.000+02:00,2.8762788393E8,323085,2.8762788393E8
user_000260,51,2025-10-21T12:21:50.000+02:00,2026-01-17T18:55:06.000+02:00,2.8762788393E8,323085,2.8762788393E8
user_000800,51,2025-10-21T07:25:52.000+02:00,2026-01-17T20:24:59.000+02:00,2.8762788393E8,323085,2.8762788393E8
user_000972,51,2025-10-21T22:50:37.000+02:00,2026-01-15T17:50:31.000+02:00,2.8762788393E8,323085,2.8762788393E8
user_000853,51,2025-10-21T15:16:27.000+02:00,2026-01-18T05:02:07.000+02:00,2.8762788393E8,323085,2.8762788393E8
user_000207,51,2025-10-20T20:57:20.000+02:00,2026-01-15T01:37:19.000+02:00,2.8762788393E8,323085,2.8762788393E8
user_000720,51,2025-10-23T18:53:54.000+02:00,2026-01-17T17:34:25.000+02:00,2.8762788393E8,323085,2.8762788393E8
user_000362,51,2025-10-26T01:12:54.000+02:00,2026-01-18T09:34:44.000+02:00,2.8762788393E8,323085,2.8762788393E8
user_000666,51,2025-10-21T04:18:28.000+02:00,2026-01-18T02:44:43.000+02:00,2.8762788393E8,323085,2.8762788393E8
user_000540,51,2025-10-24T02:05:08.000+02:00,2026-01-18T14:47:03.000+02:00,2.8762788393E8,323085,2.8762788393E8
user_000925,51,2025-10-23T11:02:38.000+02:00,2026-01-16T05:01:44.000+02:00,2.8762788393E8,323085,2.8762788393E8
user_000962,51,2025-10-23T05:16:20.000+02:00,2026-01-17T09:48:10.000+02:00,2.8762788393E8,323085,2.8762788393E8
user_000021,51,2025-10-22T05:17:07.000+02:00,2026-01-17T12:36:37.000+02:00,2.8762788393E8,323085,2.8762788393E8
user_000980,51,2025-10-21T14:18:18.000+02:00,2026-01-17T07:40:45.000+02:00,2.8762788393E8,323085,2.8762788393E8
user_000246,51,2025-10-22T01:56:25.000+02:00,2026-01-17T08:25:39.000+02:00,2.8762788393E8,323085,2.8762788393E8
user_000809,51,2025-10-21T23:41:54.000+02:00,2026-01-12T10:44:42.000+02:00,2.8762788393E8,323085,2.8762788393E8
user_000161,51,2025-10-21T16:38:11.000+02:00,2026-01-18T04:54:10.000+02:00,2.8762788393E8,323085,2.8762788393E8
user_000467,51,2025-10-21T08:05:47.000+02:00,2026-01-18T18:46:43.000+02:00,2.8762788393E8,323085,2.8762788393E8
user_000215,51,2025-10-21T00:52:23.000+02:00,2026-01-17T18:19:31.000+02:00,2.8762788393E8,323085,2.8762788393E8
user_000080,51,2025-10-21T13:52:30.000+02:00,2026-01-15T12:08:42.000+02:00,2.8762788393E8,323085,2.8762788393E8
user_000075,51,2025-10-20T22:23:16.000+02:00,2026-01-17T09:44:14.000+02:00,2.8762788393E8,323085,2.8762788393E8
user_000721,51,2025-10-21T01:39:45.000+02:00,2026-01-17T06:22:24.000+02:00,2.8762788393E8,323085,2.8762788393E8
user_000619,51,2025-10-24T04:54:48.000+02:00,2026-01-16T02:43:55.000+02:00,2.8762788393E8,323085,2.8762788393E8
user_000035,51,2025-10-22T10:28:50.000+02:00,2026-01-17T08:50:28.000+02:00,2.8762788393E8,323085,2.8762788393E8
user_000129,51,2025-10-23T07:53:04.000+02:00,2026-01-17T22:43:19.000+02:00,2.8762788393E8,323085,2.8762788393E8
user_000984,50,2025-10-23T16:03:54.000+02:00,2026-01-17T12:17:49.000+02:00,2.819881215E8,316750,2.819881215E8
user_000966,50,2025-10-24T01:36:45.000+02:00,2026-01-14T01:59:14.000+02:00,2.819881215E8,316750,2.819881215E8
user_000541,50,2025-10-23T19:50:43.000+02:00,2026-01-15T17:54:28.000+02:00,2.819881215E8,316750,2.819881215E8
user_000432,50,2025-10-24T02:06:46.000+02:00,2026-01-14T19:17:09.000+02:00,2.819881215E8,316750,2.819881215E8
user_000276,50,2025-10-21T07:47:59.000+02:00,2026-01-17T01:29:22.000+02:00,2.819881215E8,316750,2.819881215E8
user_000041,50,2025-10-22T10:14:34.000+02:00,2026-01-16T09:48:45.000+02:00,2.819881215E8,316750,2.819881215E8
user_000065,50,2025-10-21T04:28:16.000+02:00,2026-01-15T22:59:33.000+02:00,2.819881215E8,316750,2.819881215E8
user_000560,50,2025-10-23T19:49:14.000+02:00,2026-01-18T07:37:31.000+02:00,2.819881215E8,316750,2.819881215E8
user_000442,50,2025-10-21T05:14:57.000+02:00,2026-01-17T03:35:27.000+02:00,2.819881215E8,316750,2.819881215E8
user_000566,50,2025-10-21T14:51:33.000+02:00,2026-01-15T23:24:08.000+02:00,2.819881215E8,316750,2.819881215E8
user_000284,50,2025-10-25T19:28:21.000+02:00,2026-01-17T04:26:24.000+02:00,2.819881215E8,316750,2.819881215E8
user_000185,50,2025-10-21T10:34:32.000+02:00,2026-01-18T00:28:42.000+02:00,2.819881215E8,316750,2.819881215E8
user_000909,50,2025-10-22T12:04:28.000+02:00,2026-01-17T18:03:16.000+02:00,2.819881215E8,316750,2.819881215E8
user_000943,50,2025-10-22T01:45:01.000+02:00,2026-01-17T20:55:08.000+02:00,2.819881215E8,316750,2.819881215E8
user_000438,50,2025-10-23T12:04:41.000+02:00,2026-01-15T23:02:49.000+02:00,2.819881215E8,316750,2.819881215E8
user_000252,50,2025-10-22T12:55:22.000+02:00,2026-01-18T08:36:22.000+02:00,2.819881215E8,316750,2.819881215E8
user_000835,50,2025-10-20T23:26:18.000+02:00,2026-01-18T09:35:28.000+02:00,2.819881215E8,316750,2.819881215E8
user_000573,50,2025-10-21T11:27:54.000+02:00,2026-01-17T20:58:09.000+02:00,2.819881215E8,316750,2.819881215E8
user_000507,50,2025-10-24T18:14:00.000+02:00,2026-01-18T08:45:16.000+02:00,2.819881215E8,316750,2.819881215E8
user_000209,50,2025-10-23T14:11:04.000+02:00,2026-01-16T13:11:29.000+02:00,2.819881215E8,316750,2.819881215E8
user_000791,50,2025-10-21T20:13:15.000+02:00,2026-01-17T01:52:33.000+02:00,2.819881215E8,316750,2.819881215E8
user_000239,50,2025-10-21T21:23:53.000+02:00,2026-01-17T02:51:28.000+02:00,2.819881215E8,316750,2.819881215E8
user_000308,50,2025-10-21T14:42:15.000+02:00,2026-01-15T15:20:50.000+02:00,2.819881215E8,316750,2.819881215E8
user_000745,50,2025-10-21T04:36:18.000+02:00,2026-01-18T07:43:05.000+02:00,2.819881215E8,316750,2.819881215E8
user_000093,50,2025-10-22T03:26:14.000+02:00,2026-01-17T14:12:10.000+02:00,2.819881215E8,316750,2.819881215E8
user_000543,50,2025-10-22T10:57:04.000+02:00,2026-01-15T23:37:27.000+02:00,2.819881215E8,316750,2.819881215E8
user_000357,50,2025-10-21T04:15:55.000+02:00,2026-01-15T08:08:06.000+02:00,2.819881215E8,316750,2.819881215E8
user_000742,50,2025-10-23T02:02:16.000+02:00,2026-01-18T10:23:23.000+02:00,2.819881215E8,316750,2.819881215E8
user_000808,50,2025-10-22T02:48:39.000+02:00,2026-01-18T09:04:35.000+02:00,2.819881215E8,316750,2.819881215E8
user_000903,50,2025-10-21T05:25:00.000+02:00,2026-01-04T14:04:11.000+02:00,2.819881215E8,316750,2.819881215E8
user_000498,50,2025-10-24T06:54:16.000+02:00,2026-01-16T17:44:22.000+02:00,2.819881215E8,316750,2.819881215E8
user_000819,50,2025-10-24T04:36:12.000+02:00,2026-01-17T17:47:59.000+02:00,2.819881215E8,316750,2.819881215E8
user_000600,50,2025-10-21T06:42:08.000+02:00,2026-01-17T14:22:50.000+02:00,2.819881215E8,316750,2.819881215E8
user_000010,50,2025-10-21T14:20:14.000+02:00,2026-01-18T08:45:04.000+02:00,2.819881215E8,316750,2.819881215E8
user_000678,50,2025-10-21T07:29:18.000+02:00,2026-01-16T23:36:58.000+02:00,2.819881215E8,316750,2.819881215E8
user_000546,50,2025-10-21T15:24:17.000+02:00,2026-01-18T06:29:11.000+02:00,2.819881215E8,316750,2.819881215E8
user_000529,50,2025-10-22T14:18:12.000+02:00,2026-01-14T07:51:22.000+02:00,2.819881215E8,316750,2.819881215E8
user_000849,50,2025-10-22T08:11:50.000+02:00,2026-01-17T16:57:34.000+02:00,2.819881215E8,316750,2.819881215E8
user_000190,50,2025-10-21T03:53:37.000+02:00,2026-01-18T12:52:47.000+02:00,2.819881215E8,316750,2.819881215E8
user_000327,50,2025-10-21T04:45:18.000+02:00,2026-01-17T20:04:02.000+02:00,2.819881215E8,316750,2.819881215E8
user_000298,50,2025-10-22T19:35:30.000+02:00,2026-01-18T17:53:07.000+02:00,2.819881215E8,316750,2.819881215E8
user_000644,50,2025-10-21T19:46:41.000+02:00,2026-01-17T20:01:38.000+02:00,2.819881215E8,316750,2.819881215E8
user_000008,50,2025-10-25T04:51:00.000+02:00,2026-01-18T15:50:38.000+02:00,2.819881215E8,316750,2.819881215E8
user_000459,50,2025-10-21T17:46:43.000+02:00,2026-01-18T19:08:41.000+02:00,2.819881215E8,316750,2.819881215E8
user_000395,50,2025-10-20T20:05:26.000+02:00,2026-01-15T04:25:47.000+02:00,2.819881215E8,316750,2.819881215E8
user_000941,50,2025-10-20T19:58:57.000+02:00,2026-01-18T11:15:24.000+02:00,2.819881215E8,316750,2.819881215E8
user_000211,50,2025-10-21T03:28:48.000+02:00,2026-01-16T23:49:26.000+02:00,2.819881215E8,316750,2.819881215E8
user_000367,50,2025-10-20T20:11:53.000+02:00,2026-01-16T16:40:44.000+02:00,2.819881215E8,316750,2.819881215E8
user_000886,50,2025-10-21T12:48:12.000+02:00,2026-01-18T03:37:24.000+02:00,2.819881215E8,316750,2.819881215E8
user_000536,50,2025-10-26T15:42:29.000+02:00,2026-01-13T01:31:12.000+02:00,2.819881215E8,316750,2.819881215E8
user_000622,50,2025-10-22T05:01:26.000+02:00,2026-01-17T11:42:51.000+02:00,2.819881215E8,316750,2.819881215E8
user_000243,50,2025-10-24T01:17:55.000+02:00,2026-01-16T16:21:05.000+02:00,2.819881215E8,316750,2.819881215E8
user_000797,50,2025-10-21T10:49:58.000+02:00,2026-01-16T08:09:37.000+02:00,2.819881215E8,316750,2.819881215E8
user_000716,50,2025-10-23T19:46:42.000+02:00,2026-01-18T04:36:18.000+02:00,2.819881215E8,316750,2.819881215E8
user_000583,50,2025-10-21T12:09:42.000+02:00,2026-01-18T00:21:23.000+02:00,2.819881215E8,316750,2.819881215E8
user_000113,49,2025-10-21T00:14:19.000+02:00,2026-01-18T17:57:28.000+02:00,2.7634835907E8,310415,2.7634835907E8
user_000205,49,2025-10-22T14:32:33.000+02:00,2026-01-16T22:53:30.000+02:00,2.7634835907E8,310415,2.7634835907E8
user_000923,49,2025-10-27T18:59:30.000+02:00,2026-01-16T16:15:27.000+02:00,2.7634835907E8,310415,2.7634835907E8
user_000195,49,2025-10-23T04:07:14.000+02:00,2026-01-18T15:31:57.000+02:00,2.7634835907E8,310415,2.7634835907E8
user_000411,49,2025-10-20T23:12:03.000+02:00,2026-01-17T12:31:46.000+02:00,2.7634835907E8,310415,2.7634835907E8
user_000181,49,2025-10-20T22:01:45.000+02:00,2026-01-18T00:46:43.000+02:00,2.7634835907E8,310415,2.7634835907E8
user_000016,49,2025-10-22T04:48:36.000+02:00,2026-01-16T21:06:29.000+02:00,2.7634835907E8,310415,2.7634835907E8
user_000364,49,2025-10-25T17:18:55.000+02:00,2026-01-17T13:57:22.000+02:00,2.7634835907E8,310415,2.7634835907E8
user_000688,49,2025-10-21T03:26:40.000+02:00,2026-01-16T23:32:45.000+02:00,2.7634835907E8,310415,2.7634835907E8
user_000656,49,2025-10-23T07:18:16.000+02:00,2026-01-18T15:14:44.000+02:00,2.7634835907E8,310415,2.7634835907E8
user_000153,49,2025-10-26T07:19:42.000+02:00,2026-01-18T07:39:38.000+02:00,2.7634835907E8,310415,2.7634835907E8
user_000317,49,2025-10-20T20:09:50.000+02:00,2026-01-13T12:19:38.000+02:00,2.7634835907E8,310415,2.7634835907E8
user_000311,49,2025-10-20T22:23:58.000+02:00,2026-01-18T14:02:25.000+02:00,2.7634835907E8,310415,2.7634835907E8
user_000336,49,2025-10-23T06:51:02.000+02:00,2026-01-16T20:42:55.000+02:00,2.7634835907E8,310415,2.7634835907E8
user_000414,49,2025-10-21T12:02:21.000+02:00,2026-01-16T07:19:36.000+02:00,2.7634835907E8,310415,2.7634835907E8
user_000136,49,2025-10-21T17:34:34.000+02:00,2026-01-18T10:39:47.000+02:00,2.7634835907E8,310415,2.7634835907E8
user_000901,49,2025-10-26T06:15:35.000+02:00,2026-01-17T02:55:54.000+02:00,2.7634835907E8,310415,2.7634835907E8
user_000134,49,2025-10-21T22:12:33.000+02:00,2026-01-18T15:26:44.000+02:00,2.7634835907E8,310415,2.7634835907E8
user_000610,49,2025-10-22T04:36:34.000+02:00,2026-01-15T14:19:24.000+02:00,2.7634835907E8,310415,2.7634835907E8
user_000785,49,2025-10-25T19:15:31.000+02:00,2026-01-14T21:21:16.000+02:00,2.7634835907E8,310415,2.7634835907E8
user_000955,49,2025-10-21T15:26:38.000+02:00,2026-01-12T23:57:44.000+02:00,2.7634835907E8,310415,2.7634835907E8
user_000979,49,2025-10-21T07:40:11.000+02:00,2026-01-16T17:24:22.000+02:00,2.7634835907E8,310415,2.7634835907E8
user_000382,49,2025-10-21T05:59:13.000+02:00,2026-01-12T17:54:12.000+02:00,2.7634835907E8,310415,2.7634835907E8
user_000879,49,2025-10-22T13:26:31.000+02:00,2026-01-18T15:18:50.000+02:00,2.7634835907E8,310415,2.7634835907E8
user_000397,49,2025-10-23T14:01:06.000+02:00,2026-01-18T03:30:43.000+02:00,2.7634835907E8,310415,2.7634835907E8
user_000005,49,2025-10-23T11:28:00.000+02:00,2026-01-14T22:13:07.000+02:00,2.7634835907E8,310415,2.7634835907E8
user_000152,49,2025-10-22T11:33:09.000+02:00,2026-01-16T19:30:04.000+02:00,2.7634835907E8,310415,2.7634835907E8
user_000274,49,2025-10-22T08:12:07.000+02:00,2026-01-18T14:17:35.000+02:00,2.7634835907E8,310415,2.7634835907E8
user_000616,49,2025-10-24T04:54:20.000+02:00,2026-01-18T11:05:21.000+02:00,2.7634835907E8,310415,2.7634835907E8
user_000168,49,2025-10-23T01:50:35.000+02:00,2026-01-18T17:23:15.000+02:00,2.7634835907E8,310415,2.7634835907E8
user_000300,49,2025-10-21T13:58:43.000+02:00,2026-01-13T01:13:07.000+02:00,2.7634835907E8,310415,2.7634835907E8
user_000398,49,2025-10-21T13:10:34.000+02:00,2026-01-17T01:28:33.000+02:00,2.7634835907E8,310415,2.7634835907E8
user_000497,49,2025-10-22T03:43:45.000+02:00,2026-01-17T05:31:12.000+02:00,2.7634835907E8,310415,2.7634835907E8
user_000466,49,2025-10-25T06:31:08.000+02:00,2026-01-18T19:14:15.000+02:00,2.7634835907E8,310415,2.7634835907E8
user_000014,49,2025-10-21T22:13:23.000+02:00,2026-01-14T10:46:30.000+02:00,2.7634835907E8,310415,2.7634835907E8
user_000728,49,2025-10-22T22:26:33.000+02:00,2026-01-18T07:09:25.000+02:00,2.7634835907E8,310415,2.7634835907E8
user_000833,49,2025-10-23T23:17:38.000+02:00,2026-01-18T09:03:58.000+02:00,2.7634835907E8,310415,2.7634835907E8
user_000434,49,2025-10-20T20:34:39.000+02:00,2026-01-18T10:11:16.000+02:00,2.7634835907E8,310415,2.7634835907E8
user_000282,49,2025-10-22T14:18:29.000+02:00,2026-01-17T09:47:49.000+02:00,2.7634835907E8,310415,2.7634835907E8
user_000860,49,2025-10-22T00:50:35.000+02:00,2026-01-18T13:54:39.000+02:00,2.7634835907E8,310415,2.7634835907E8
user_000054,49,2025-10-20T22:48:59.000+02:00,2026-01-13T20:09:47.000+02:00,2.7634835907E8,310415,2.7634835907E8
user_000361,49,2025-10-21T20:45:36.000+02:00,2026-01-18T11:58:37.000+02:00,2.7634835907E8,310415,2.7634835907E8
user_000893,49,2025-10-22T10:00:01.000+02:00,2026-01-18T00:01:12.000+02:00,2.7634835907E8,310415,2.7634835907E8
user_000533,49,2025-10-21T12:35:29.000+02:00,2026-01-15T02:59:07.000+02:00,2.7634835907E8,310415,2.7634835907E8
user_000448,49,2025-10-28T20:44:11.000+02:00,2026-01-14T14:47:17.000+02:00,2.7634835907E8,310415,2.7634835907E8
user_000293,49,2025-10-21T23:14:44.000+02:00,2026-01-10T01:12:29.000+02:00,2.7634835907E8,310415,2.7634835907E8
user_000970,49,2025-10-21T06:37:40.000+02:00,2026-01-18T10:34:35.000+02:00,2.7634835907E8,310415,2.7634835907E8
user_000557,49,2025-10-23T08:33:05.000+02:00,2026-01-18T18:30:14.000+02:00,2.7634835907E8,310415,2.7634835907E8
user_000764,49,2025-10-21T07:10:51.000+02:00,2026-01-15T17:18:41.000+02:00,2.7634835907E8,310415,2.7634835907E8
user_000210,49,2025-10-22T11:48:44.000+02:00,2026-01-17T18:39:42.000+02:00,2.7634835907E8,310415,2.7634835907E8
user_000838,49,2025-10-22T19:59:47.000+02:00,2026-01-18T17:03:12.000+02:00,2.7634835907E8,310415,2.7634835907E8
user_000348,49,2025-10-21T16:38:02.000+02:00,2026-01-18T07:07:59.000+02:00,2.7634835907E8,310415,2.7634835907E8
user_000759,48,2025-10-20T20:15:14.000+02:00,2026-01-11T16:23:32.000+02:00,2.7070859664E8,304080,2.7070859664E8
user_000048,48,2025-10-20T23:54:22.000+02:00,2026-01-18T01:52:00.000+02:00,2.7070859664E8,304080,2.7070859664E8
user_000660,48,2025-10-21T15:35:17.000+02:00,2026-01-18T19:35:35.000+02:00,2.7070859664E8,304080,2.7070859664E8
user_000212,48,2025-10-26T16:35:37.000+02:00,2026-01-18T18:27:11.000+02:00,2.7070859664E8,304080,2.7070859664E8
user_000419,48,2025-10-21T13:41:15.000+02:00,2026-01-14T14:30:23.000+02:00,2.7070859664E8,304080,2.7070859664E8
user_000175,48,2025-10-23T11:52:04.000+02:00,2026-01-18T18:47:56.000+02:00,2.7070859664E8,304080,2.7070859664E8
user_000735,48,2025-10-24T10:13:02.000+02:00,2026-01-18T18:38:02.000+02:00,2.7070859664E8,304080,2.7070859664E8
user_000055,48,2025-10-25T10:34:24.000+02:00,2026-01-15T08:29:00.000+02:00,2.7070859664E8,304080,2.7070859664E8
user_000231,48,2025-10-20T22:42:13.000+02:00,2026-01-16T17:54:26.000+02:00,2.7070859664E8,304080,2.7070859664E8
user_000623,48,2025-10-21T22:20:16.000+02:00,2026-01-18T18:10:33.000+02:00,2.7070859664E8,304080,2.7070859664E8
user_000679,48,2025-10-21T19:45:44.000+02:00,2026-01-17T23:50:31.000+02:00,2.7070859664E8,304080,2.7070859664E8
user_000677,48,2025-10-23T16:21:39.000+02:00,2026-01-18T14:18:05.000+02:00,2.7070859664E8,304080,2.7070859664E8
user_000033,48,2025-10-23T18:38:59.000+02:00,2026-01-17T10:55:42.000+02:00,2.7070859664E8,304080,2.7070859664E8
user_000844,48,2025-10-21T18:27:00.000+02:00,2026-01-17T22:47:31.000+02:00,2.7070859664E8,304080,2.7070859664E8
user_000830,48,2025-10-22T10:59:26.000+02:00,2026-01-14T03:44:12.000+02:00,2.7070859664E8,304080,2.7070859664E8
user_000765,48,2025-10-20T22:18:41.000+02:00,2026-01-16T16:00:37.000+02:00,2.7070859664E8,304080,2.7070859664E8
user_000718,48,2025-10-21T13:17:37.000+02:00,2026-01-17T01:31:32.000+02:00,2.7070859664E8,304080,2.7070859664E8
user_000542,48,2025-10-22T04:24:26.000+02:00,2026-01-13T22:41:54.000+02:00,2.7070859664E8,304080,2.7070859664E8
user_000700,48,2025-10-21T18:14:23.000+02:00,2026-01-16T20:17:54.000+02:00,2.7070859664E8,304080,2.7070859664E8
user_000703,48,2025-10-23T05:14:09.000+02:00,2026-01-18T01:17:35.000+02:00,2.7070859664E8,304080,2.7070859664E8
user_000516,48,2025-10-23T04:36:31.000+02:00,2026-01-18T20:10:50.000+02:00,2.7070859664E8,304080,2.7070859664E8
user_000811,48,2025-10-22T14:48:37.000+02:00,2026-01-18T17:12:38.000+02:00,2.7070859664E8,304080,2.7070859664E8
user_000375,48,2025-10-21T02:32:20.000+02:00,2026-01-18T06:05:19.000+02:00,2.7070859664E8,304080,2.7070859664E8
user_000637,48,2025-10-24T01:29:27.000+02:00,2026-01-15T20:32:44.000+02:00,2.7070859664E8,304080,2.7070859664E8
user_000930,48,2025-10-23T04:25:12.000+02:00,2026-01-16T15:11:14.000+02:00,2.7070859664E8,304080,2.7070859664E8
user_000869,48,2025-10-22T18:58:41.000+02:00,2026-01-18T19:47:07.000+02:00,2.7070859664E8,304080,2.7070859664E8
user_000887,48,2025-10-25T18:36:35.000+02:00,2026-01-17T12:00:21.000+02:00,2.7070859664E8,304080,2.7070859664E8
user_000206,48,2025-10-20T23:28:29.000+02:00,2026-01-18T01:57:14.000+02:00,2.7070859664E8,304080,2.7070859664E8
user_000777,48,2025-10-21T01:01:02.000+02:00,2026-01-18T01:02:57.000+02:00,2.7070859664E8,304080,2.7070859664E8
user_000604,48,2025-10-21T06:23:51.000+02:00,2026-01-14T00:37:27.000+02:00,2.7070859664E8,304080,2.7070859664E8
user_000133,48,2025-10-24T15:23:44.000+02:00,2026-01-18T19:26:15.000+02:00,2.7070859664E8,304080,2.7070859664E8
user_000464,48,2025-10-20T22:31:18.000+02:00,2026-01-18T16:01:59.000+02:00,2.7070859664E8,304080,2.7070859664E8
user_000244,48,2025-10-23T14:36:42.000+02:00,2026-01-18T04:50:58.000+02:00,2.7070859664E8,304080,2.7070859664E8
user_000351,48,2025-10-21T01:09:23.000+02:00,2026-01-10T22:57:35.000+02:00,2.7070859664E8,304080,2.7070859664E8
user_000281,48,2025-10-23T02:07:33.000+02:00,2026-01-18T11:16:38.000+02:00,2.7070859664E8,304080,2.7070859664E8
user_000776,48,2025-10-21T08:11:12.000+02:00,2026-01-15T14:09:48.000+02:00,2.7070859664E8,304080,2.7070859664E8
user_000918,48,2025-10-22T15:10:15.000+02:00,2026-01-18T19:42:06.000+02:00,2.7070859664E8,304080,2.7070859664E8
user_000330,48,2025-10-21T01:16:26.000+02:00,2026-01-18T09:31:22.000+02:00,2.7070859664E8,304080,2.7070859664E8
user_000822,48,2025-10-21T06:14:49.000+02:00,2026-01-16T23:56:58.000+02:00,2.7070859664E8,304080,2.7070859664E8
user_000704,48,2025-10-21T17:25:43.000+02:00,2026-01-18T11:29:14.000+02:00,2.7070859664E8,304080,2.7070859664E8
user_000247,48,2025-10-21T01:38:24.000+02:00,2026-01-14T02:49:36.000+02:00,2.7070859664E8,304080,2.7070859664E8
user_000027,48,2025-10-21T02:41:29.000+02:00,2026-01-16T04:06:50.000+02:00,2.7070859664E8,304080,2.7070859664E8
user_000748,48,2025-10-20T20:34:10.000+02:00,2026-01-15T06:07:54.000+02:00,2.7070859664E8,304080,2.7070859664E8
user_000729,48,2025-10-25T04:22:54.000+02:00,2026-01-18T10:57:15.000+02:00,2.7070859664E8,304080,2.7070859664E8
user_000079,48,2025-10-23T02:00:59.000+02:00,2026-01-18T00:51:16.000+02:00,2.7070859664E8,304080,2.7070859664E8
user_000101,48,2025-10-21T17:03:28.000+02:00,2026-01-18T16:57:52.000+02:00,2.7070859664E8,304080,2.7070859664E8
user_000373,48,2025-10-24T10:09:12.000+02:00,2026-01-18T04:19:24.000+02:00,2.7070859664E8,304080,2.7070859664E8
user_000509,48,2025-10-23T22:29:52.000+02:00,2026-01-16T12:39:24.000+02:00,2.7070859664E8,304080,2.7070859664E8
user_000237,48,2025-10-21T09:29:45.000+02:00,2026-01-13T14:13:15.000+02:00,2.7070859664E8,304080,2.7070859664E8
user_000973,48,2025-10-22T06:53:11.000+02:00,2026-01-16T01:28:53.000+02:00,2.7070859664E8,304080,2.7070859664E8
user_000465,47,2025-10-21T05:53:49.000+02:00,2026-01-17T18:02:22.000+02:00,2.6506883421E8,297745,2.6506883421E8
user_000991,47,2025-10-23T11:49:01.000+02:00,2026-01-18T01:56:41.000+02:00,2.6506883421E8,297745,2.6506883421E8
user_000391,47,2025-10-21T03:45:40.000+02:00,2026-01-18T02:29:03.000+02:00,2.6506883421E8,297745,2.6506883421E8
user_000990,47,2025-10-24T11:13:29.000+02:00,2026-01-18T07:08:05.000+02:00,2.6506883421E8,297745,2.6506883421E8
user_000312,47,2025-10-21T22:57:02.000+02:00,2026-01-18T06:15:33.000+02:00,2.6506883421E8,297745,2.6506883421E8
user_000645,47,2025-10-21T09:16:04.000+02:00,2026-01-16T17:43:30.000+02:00,2.6506883421E8,297745,2.6506883421E8
user_000174,47,2025-10-21T09:00:58.000+02:00,2026-01-17T16:09:37.000+02:00,2.6506883421E8,297745,2.6506883421E8
user_000106,47,2025-10-20T20:19:55.000+02:00,2026-01-14T12:14:52.000+02:00,2.6506883421E8,297745,2.6506883421E8
user_000960,47,2025-10-22T22:39:45.000+02:00,2026-01-17T11:21:21.000+02:00,2.6506883421E8,297745,2.6506883421E8
user_000425,47,2025-10-21T10:39:27.000+02:00,2026-01-17T15:32:18.000+02:00,2.6506883421E8,297745,2.6506883421E8
user_000086,47,2025-10-21T10:27:56.000+02:00,2026-01-17T17:58:30.000+02:00,2.6506883421E8,297745,2.6506883421E8
user_000750,47,2025-10-22T01:31:23.000+02:00,2026-01-17T18:10:04.000+02:00,2.6506883421E8,297745,2.6506883421E8
user_000304,47,2025-10-21T21:43:51.000+02:00,2026-01-16T16:06:18.000+02:00,2.6506883421E8,297745,2.6506883421E8
user_000772,47,2025-10-20T20:15:38.000+02:00,2026-01-15T16:16:45.000+02:00,2.6506883421E8,297745,2.6506883421E8
user_000530,47,2025-10-21T03:29:59.000+02:00,2026-01-18T04:49:50.000+02:00,2.6506883421E8,297745,2.6506883421E8
user_000550,47,2025-10-22T12:23:00.000+02:00,2026-01-13T06:29:50.000+02:00,2.6506883421E8,297745,2.6506883421E8
user_000232,47,2025-10-29T01:09:23.000+02:00,2026-01-18T07:16:20.000+02:00,2.6506883421E8,297745,2.6506883421E8
user_000335,47,2025-10-21T08:47:05.000+02:00,2026-01-15T20:12:48.000+02:00,2.6506883421E8,297745,2.6506883421E8
user_000751,47,2025-10-22T05:07:50.000+02:00,2026-01-18T10:25:26.000+02:00,2.6506883421E8,297745,2.6506883421E8
user_000147,47,2025-10-22T19:43:16.000+02:00,2026-01-18T04:14:09.000+02:00,2.6506883421E8,297745,2.6506883421E8
user_000051,47,2025-10-22T19:39:05.000+02:00,2026-01-18T07:39:16.000+02:00,2.6506883421E8,297745,2.6506883421E8
user_000969,47,2025-10-21T00:34:34.000+02:00,2026-01-17T08:06:31.000+02:00,2.6506883421E8,297745,2.6506883421E8
user_000485,47,2025-10-22T11:04:24.000+02:00,2026-01-18T17:15:23.000+02:00,2.6506883421E8,297745,2.6506883421E8
user_000920,47,2025-10-20T22:31:24.000+02:00,2026-01-15T03:30:21.000+02:00,2.6506883421E8,297745,2.6506883421E8
user_000158,47,2025-10-22T06:24:13.000+02:00,2026-01-12T14:42:30.000+02:00,2.6506883421E8,297745,2.6506883421E8
user_000165,47,2025-10-23T18:47:45.000+02:00,2026-01-16T13:29:38.000+02:00,2.6506883421E8,297745,2.6506883421E8
user_000787,47,2025-10-22T16:53:57.000+02:00,2026-01-09T01:27:12.000+02:00,2.6506883421E8,297745,2.6506883421E8
user_000859,47,2025-10-20T23:40:15.000+02:00,2026-01-16T15:16:26.000+02:00,2.6506883421E8,297745,2.6506883421E8
user_000149,47,2025-10-23T08:07:16.000+02:00,2026-01-18T06:58:34.000+02:00,2.6506883421E8,297745,2.6506883421E8
user_000427,47,2025-10-24T00:06:13.000+02:00,2026-01-15T23:28:58.000+02:00,2.6506883421E8,297745,2.6506883421E8
user_000370,47,2025-10-26T13:47:13.000+02:00,2026-01-18T00:35:50.000+02:00,2.6506883421E8,297745,2.6506883421E8
user_000325,47,2025-10-22T10:36:38.000+02:00,2026-01-16T04:15:27.000+02:00,2.6506883421E8,297745,2.6506883421E8
user_000810,47,2025-10-22T10:03:17.000+02:00,2026-01-17T09:48:03.000+02:00,2.6506883421E8,297745,2.6506883421E8
user_000170,47,2025-10-23T18:42:21.000+02:00,2026-01-16T01:05:12.000+02:00,2.6506883421E8,297745,2.6506883421E8
user_000389,47,2025-10-21T08:19:03.000+02:00,2026-01-16T14:05:43.000+02:00,2.6506883421E8,297745,2.6506883421E8
user_000090,47,2025-10-24T18:40:00.000+02:00,2026-01-18T04:32:27.000+02:00,2.6506883421E8,297745,2.6506883421E8
user_000900,47,2025-10-24T07:06:35.000+02:00,2026-01-16T10:53:22.000+02:00,2.6506883421E8,297745,2.6506883421E8
user_000042,47,2025-10-22T02:23:58.000+02:00,2026-01-17T22:12:38.000+02:00,2.6506883421E8,297745,2.6506883421E8
user_000714,47,2025-10-22T13:58:18.000+02:00,2026-01-16T18:22:04.000+02:00,2.6506883421E8,297745,2.6506883421E8
user_000118,47,2025-10-22T18:43:38.000+02:00,2026-01-09T05:24:06.000+02:00,2.6506883421E8,297745,2.6506883421E8
user_000998,47,2025-10-21T07:21:06.000+02:00,2026-01-17T16:15:58.000+02:00,2.6506883421E8,297745,2.6506883421E8
user_000218,47,2025-10-23T03:02:22.000+02:00,2026-01-16T18:33:41.000+02:00,2.6506883421E8,297745,2.6506883421E8
user_000452,47,2025-10-21T23:11:56.000+02:00,2026-01-16T10:25:10.000+02:00,2.6506883421E8,297745,2.6506883421E8
user_000131,47,2025-10-24T11:15:04.000+02:00,2026-01-18T06:54:20.000+02:00,2.6506883421E8,297745,2.6506883421E8
user_000289,46,2025-10-21T06:10:15.000+02:00,2026-01-18T02:29:35.000+02:00,2.5942907178E8,291410,2.5942907178E8
user_000821,46,2025-10-21T13:20:07.000+02:00,2026-01-18T18:46:35.000+02:00,2.5942907178E8,291410,2.5942907178E8
user_000534,46,2025-10-24T20:03:56.000+02:00,2026-01-18T16:36:44.000+02:00,2.5942907178E8,291410,2.5942907178E8
user_000182,46,2025-10-21T07:00:49.000+02:00,2026-01-17T22:34:59.000+02:00,2.5942907178E8,291410,2.5942907178E8
user_000034,46,2025-10-21T05:42:04.000+02:00,2026-01-14T02:08:41.000+02:00,2.5942907178E8,291410,2.5942907178E8
user_000694,46,2025-10-21T11:54:47.000+02:00,2026-01-16T05:25:13.000+02:00,2.5942907178E8,291410,2.5942907178E8
user_000344,46,2025-10-21T12:00:20.000+02:00,2026-01-18T18:35:22.000+02:00,2.5942907178E8,291410,2.5942907178E8
user_000595,46,2025-10-21T03:37:06.000+02:00,2026-01-18T02:48:24.000+02:00,2.5942907178E8,291410,2.5942907178E8
user_000640,46,2025-10-22T06:14:55.000+02:00,2026-01-18T07:20:53.000+02:00,2.5942907178E8,291410,2.5942907178E8
user_000744,46,2025-10-25T10:15:53.000+02:00,2026-01-18T11:43:52.000+02:00,2.5942907178E8,291410,2.5942907178E8
user_000446,46,2025-10-23T06:59:14.000+02:00,2026-01-16T22:14:39.000+02:00,2.5942907178E8,291410,2.5942907178E8
user_000460,46,2025-10-23T13:40:41.000+02:00,2026-01-17T06:26:32.000+02:00,2.5942907178E8,291410,2.5942907178E8
user_000495,46,2025-10-21T21:38:38.000+02:00,2026-01-18T09:28:47.000+02:00,2.5942907178E8,291410,2.5942907178E8
user_000974,46,2025-10-21T01:51:15.000+02:00,2026-01-18T11:34:53.000+02:00,2.5942907178E8,291410,2.5942907178E8
user_000156,46,2025-10-21T09:46:50.000+02:00,2026-01-17T20:12:09.000+02:00,2.5942907178E8,291410,2.5942907178E8
user_000531,46,2025-10-21T12:11:39.000+02:00,2026-01-16T11:42:54.000+02:00,2.5942907178E8,291410,2.5942907178E8
user_000353,46,2025-10-21T07:48:04.000+02:00,2026-01-16T09:39:39.000+02:00,2.5942907178E8,291410,2.5942907178E8
user_000291,46,2025-10-23T00:48:12.000+02:00,2026-01-16T13:19:16.000+02:00,2.5942907178E8,291410,2.5942907178E8
user_000545,46,2025-10-20T20:14:50.000+02:00,2026-01-17T11:59:14.000+02:00,2.5942907178E8,291410,2.5942907178E8
user_000031,46,2025-10-24T22:26:42.000+02:00,2026-01-18T09:31:08.000+02:00,2.5942907178E8,291410,2.5942907178E8
user_000449,46,2025-10-24T11:47:58.000+02:00,2026-01-13T06:56:21.000+02:00,2.5942907178E8,291410,2.5942907178E8
user_000712,46,2025-10-22T21:57:31.000+02:00,2026-01-18T12:49:49.000+02:00,2.5942907178E8,291410,2.5942907178E8
user_000959,46,2025-10-23T23:46:56.000+02:00,2026-01-17T08:17:53.000+02:00,2.5942907178E8,291410,2.5942907178E8
user_000847,46,2025-10-20T21:56:36.000+02:00,2026-01-17T23:35:04.000+02:00,2.5942907178E8,291410,2.5942907178E8
user_000875,46,2025-10-20T23:11:18.000+02:00,2026-01-18T19:45:52.000+02:00,2.5942907178E8,291410,2.5942907178E8
user_000200,46,2025-10-22T07:26:38.000+02:00,2026-01-18T13:54:18.000+02:00,2.5942907178E8,291410,2.5942907178E8
user_000141,46,2025-10-22T06:17:10.000+02:00,2026-01-16T15:55:29.000+02:00,2.5942907178E8,291410,2.5942907178E8
user_000843,46,2025-10-24T11:53:35.000+02:00,2026-01-17T21:58:36.000+02:00,2.5942907178E8,291410,2.5942907178E8
user_000861,46,2025-10-22T05:03:30.000+02:00,2026-01-18T01:16:15.000+02:00,2.5942907178E8,291410,2.5942907178E8
user_000789,46,2025-10-21T08:03:46.000+02:00,2026-01-04T16:00:27.000+02:00,2.5942907178E8,291410,2.5942907178E8
user_000873,46,2025-10-21T07:11:19.000+02:00,2026-01-18T13:05:01.000+02:00,2.5942907178E8,291410,2.5942907178E8
user_000724,46,2025-10-21T05:51:44.000+02:00,2026-01-17T18:41:59.000+02:00,2.5942907178E8,291410,2.5942907178E8
user_000216,46,2025-10-24T07:28:53.000+02:00,2026-01-13T11:18:06.000+02:00,2.5942907178E8,291410,2.5942907178E8
user_000405,46,2025-10-22T06:14:33.000+02:00,2026-01-12T11:04:48.000+02:00,2.5942907178E8,291410,2.5942907178E8
user_000511,46,2025-10-21T03:35:09.000+02:00,2026-01-16T20:09:27.000+02:00,2.5942907178E8,291410,2.5942907178E8
user_000259,46,2025-10-22T16:22:37.000+02:00,2026-01-18T02:45:17.000+02:00,2.5942907178E8,291410,2.5942907178E8
user_000518,46,2025-10-24T14:31:01.000+02:00,2026-01-18T03:27:53.000+02:00,2.5942907178E8,291410,2.5942907178E8
user_000354,46,2025-10-22T09:52:27.000+02:00,2026-01-15T22:49:16.000+02:00,2.5942907178E8,291410,2.5942907178E8
user_000288,46,2025-10-23T09:06:26.000+02:00,2026-01-18T17:10:34.000+02:00,2.5942907178E8,291410,2.5942907178E8
user_000386,46,2025-10-23T03:22:33.000+02:00,2026-01-18T13:07:52.000+02:00,2.5942907178E8,291410,2.5942907178E8
user_000178,46,2025-10-21T02:13:48.000+02:00,2026-01-18T10:23:26.000+02:00,2.5942907178E8,291410,2.5942907178E8
user_000043,45,2025-10-22T05:49:11.000+02:00,2026-01-18T13:01:55.000+02:00,2.5378930935E8,285075,2.5378930935E8
user_000630,45,2025-10-30T23:28:54.000+02:00,2026-01-12T01:45:55.000+02:00,2.5378930935E8,285075,2.5378930935E8
user_000255,45,2025-10-27T19:29:34.000+02:00,2026-01-11T06:25:45.000+02:00,2.5378930935E8,285075,2.5378930935E8
user_000826,45,2025-10-21T09:20:37.000+02:00,2026-01-18T04:58:30.000+02:00,2.5378930935E8,285075,2.5378930935E8
user_000553,45,2025-10-22T15:00:03.000+02:00,2026-01-15T19:50:09.000+02:00,2.5378930935E8,285075,2.5378930935E8
user_000944,45,2025-10-23T18:40:03.000+02:00,2026-01-13T10:15:15.000+02:00,2.5378930935E8,285075,2.5378930935E8
user_000922,45,2025-10-21T17:45:41.000+02:00,2026-01-18T17:31:38.000+02:00,2.5378930935E8,285075,2.5378930935E8
user_000653,45,2025-10-20T21:38:29.000+02:00,2026-01-17T02:11:09.000+02:00,2.5378930935E8,285075,2.5378930935E8
user_000422,45,2025-10-20T22:55:29.000+02:00,2026-01-17T00:49:30.000+02:00,2.5378930935E8,285075,2.5378930935E8
user_000548,45,2025-10-22T11:23:00.000+02:00,2026-01-17T04:35:48.000+02:00,2.5378930935E8,285075,2.5378930935E8
user_000669,45,2025-10-23T13:43:50.000+02:00,2026-01-15T16:13:32.000+02:00,2.5378930935E8,285075,2.5378930935E8
user_000621,45,2025-10-29T21:53:36.000+02:00,2026-01-14T03:57:09.000+02:00,2.5378930935E8,285075,2.5378930935E8
user_000122,45,2025-10-22T11:53:25.000+02:00,2026-01-15T14:45:57.000+02:00,2.5378930935E8,285075,2.5378930935E8
user_000947,45,2025-10-24T11:09:42.000+02:00,2026-01-18T18:30:46.000+02:00,2.5378930935E8,285075,2.5378930935E8
user_000594,45,2025-10-21T20:16:56.000+02:00,2026-01-14T04:13:29.000+02:00,2.5378930935E8,285075,2.5378930935E8
user_000012,45,2025-10-20T21:01:54.000+02:00,2026-01-18T05:40:56.000+02:00,2.5378930935E8,285075,2.5378930935E8
user_000494,45,2025-10-22T15:54:54.000+02:00,2026-01-18T04:12:39.000+02:00,2.5378930935E8,285075,2.5378930935E8
user_000094,45,2025-10-22T14:01:45.000+02:00,2026-01-16T02:58:26.000+02:00,2.5378930935E8,285075,2.5378930935E8
user_000429,45,2025-10-23T12:09:37.000+02:00,2026-01-17T06:07:33.000+02:00,2.5378930935E8,285075,2.5378930935E8
user_000907,45,2025-10-21T14:17:23.000+02:00,2026-01-18T18:04:15.000+02:00,2.5378930935E8,285075,2.5378930935E8
user_000368,45,2025-10-21T00:33:18.000+02:00,2026-01-16T15:06:44.000+02:00,2.5378930935E8,285075,2.5378930935E8
user_000928,45,2025-10-22T04:56:57.000+02:00,2026-01-15T11:31:35.000+02:00,2.5378930935E8,285075,2.5378930935E8
user_000410,45,2025-10-24T11:17:27.000+02:00,2026-01-18T17:12:25.000+02:00,2.5378930935E8,285075,2.5378930935E8
user_000219,45,2025-10-21T13:26:35.000+02:00,2026-01-16T09:33:07.000+02:00,2.5378930935E8,285075,2.5378930935E8
user_000858,45,2025-10-23T03:01:21.000+02:00,2026-01-08T14:20:31.000+02:00,2.5378930935E8,285075,2.5378930935E8
user_000815,45,2025-10-22T00:51:30.000+02:00,2026-01-17T12:41:42.000+02:00,2.5378930935E8,285075,2.5378930935E8
user_000493,45,2025-10-21T10:19:12.000+02:00,2026-01-17T19:50:16.000+02:00,2.5378930935E8,285075,2.5378930935E8
user_000484,45,2025-10-23T13:19:54.000+02:00,2026-01-18T01:04:20.000+02:00,2.5378930935E8,285075,2.5378930935E8
user_000877,45,2025-10-22T08:52:51.000+02:00,2026-01-17T12:46:37.000+02:00,2.5378930935E8,285075,2.5378930935E8
user_000050,45,2025-10-21T12:16:53.000+02:00,2026-01-16T23:10:12.000+02:00,2.5378930935E8,285075,2.5378930935E8
user_000883,45,2025-10-21T23:11:08.000+02:00,2026-01-15T15:59:54.000+02:00,2.5378930935E8,285075,2.5378930935E8
user_000803,45,2025-10-21T19:43:07.000+02:00,2026-01-18T08:56:05.000+02:00,2.5378930935E8,285075,2.5378930935E8
user_000976,45,2025-10-22T16:27:25.000+02:00,2026-01-18T15:16:44.000+02:00,2.5378930935E8,285075,2.5378930935E8
user_000426,45,2025-10-21T07:47:04.000+02:00,2026-01-18T18:06:39.000+02:00,2.5378930935E8,285075,2.5378930935E8
user_000783,44,2025-10-21T01:52:04.000+02:00,2026-01-17T22:53:27.000+02:00,2.4814954692E8,278740,2.4814954692E8
user_000864,44,2025-10-21T01:41:32.000+02:00,2026-01-15T22:23:25.000+02:00,2.4814954692E8,278740,2.4814954692E8
user_000089,44,2025-10-21T08:01:22.000+02:00,2026-01-18T11:03:32.000+02:00,2.4814954692E8,278740,2.4814954692E8
user_000399,44,2025-10-21T14:56:13.000+02:00,2026-01-14T20:51:43.000+02:00,2.4814954692E8,278740,2.4814954692E8
user_000377,44,2025-10-25T19:41:49.000+02:00,2026-01-15T10:33:49.000+02:00,2.4814954692E8,278740,2.4814954692E8
user_000532,44,2025-10-21T03:04:24.000+02:00,2026-01-18T05:50:20.000+02:00,2.4814954692E8,278740,2.4814954692E8
user_000526,44,2025-10-21T12:04:59.000+02:00,2026-01-18T20:09:12.000+02:00,2.4814954692E8,278740,2.4814954692E8
user_000280,44,2025-10-21T15:29:08.000+02:00,2026-01-16T14:29:10.000+02:00,2.4814954692E8,278740,2.4814954692E8
user_000406,44,2025-10-24T00:05:30.000+02:00,2026-01-17T19:15:31.000+02:00,2.4814954692E8,278740,2.4814954692E8
user_000506,44,2025-10-21T21:09:17.000+02:00,2026-01-18T17:14:55.000+02:00,2.4814954692E8,278740,2.4814954692E8
user_000736,44,2025-10-21T04:41:29.000+02:00,2026-01-13T23:29:25.000+02:00,2.4814954692E8,278740,2.4814954692E8
user_000629,44,2025-10-23T02:58:14.000+02:00,2026-01-15T00:47:30.000+02:00,2.4814954692E8,278740,2.4814954692E8
user_000651,44,2025-10-22T00:24:45.000+02:00,2026-01-11T17:22:23.000+02:00,2.4814954692E8,278740,2.4814954692E8
user_000799,44,2025-10-21T20:09:26.000+02:00,2026-01-16T16:24:39.000+02:00,2.4814954692E8,278740,2.4814954692E8
user_000773,44,2025-10-21T22:04:48.000+02:00,2026-01-18T13:07:38.000+02:00,2.4814954692E8,278740,2.4814954692E8
user_000927,44,2025-10-25T00:52:22.000+02:00,2026-01-16T00:07:12.000+02:00,2.4814954692E8,278740,2.4814954692E8
user_000254,44,2025-10-22T08:24:50.000+02:00,2026-01-13T15:21:25.000+02:00,2.4814954692E8,278740,2.4814954692E8
user_000474,44,2025-10-23T03:08:31.000+02:00,2026-01-15T15:58:42.000+02:00,2.4814954692E8,278740,2.4814954692E8
user_000675,44,2025-10-24T16:51:57.000+02:00,2026-01-14T04:45:23.000+02:00,2.4814954692E8,278740,2.4814954692E8
user_000126,44,2025-10-21T09:08:09.000+02:00,2026-01-17T20:30:41.000+02:00,2.4814954692E8,278740,2.4814954692E8
user_000851,44,2025-10-22T12:47:18.000+02:00,2026-01-15T00:05:39.000+02:00,2.4814954692E8,278740,2.4814954692E8
user_000267,44,2025-10-23T00:36:19.000+02:00,2026-01-18T00:51:39.000+02:00,2.4814954692E8,278740,2.4814954692E8
user_000576,44,2025-10-22T02:26:36.000+02:00,2026-01-18T08:55:39.000+02:00,2.4814954692E8,278740,2.4814954692E8
user_000058,44,2025-10-21T05:12:29.000+02:00,2026-01-16T19:01:28.000+02:00,2.4814954692E8,278740,2.4814954692E8
user_000151,44,2025-10-22T19:33:13.000+02:00,2026-01-18T15:01:02.000+02:00,2.4814954692E8,278740,2.4814954692E8
user_000196,44,2025-10-21T23:13:58.000+02:00,2026-01-16T00:25:42.000+02:00,2.4814954692E8,278740,2.4814954692E8
user_000633,44,2025-10-21T19:27:24.000+02:00,2026-01-16T03:20:56.000+02:00,2.4814954692E8,278740,2.4814954692E8
user_000558,44,2025-10-22T14:39:22.000+02:00,2026-01-13T10:57:46.000+02:00,2.4814954692E8,278740,2.4814954692E8
user_000188,44,2025-10-22T04:14:37.000+02:00,2026-01-17T00:35:57.000+02:00,2.4814954692E8,278740,2.4814954692E8
user_000701,44,2025-10-21T23:55:33.000+02:00,2026-01-16T06:27:06.000+02:00,2.4814954692E8,278740,2.4814954692E8
user_000732,44,2025-10-21T13:24:42.000+02:00,2026-01-18T18:05:10.000+02:00,2.4814954692E8,278740,2.4814954692E8
user_000173,44,2025-10-22T05:23:46.000+02:00,2026-01-18T06:40:36.000+02:00,2.4814954692E8,278740,2.4814954692E8
user_000952,44,2025-10-21T07:13:09.000+02:00,2026-01-15T07:39:46.000+02:00,2.4814954692E8,278740,2.4814954692E8
user_000608,44,2025-10-22T11:03:26.000+02:00,2026-01-18T19:55:58.000+02:00,2.4814954692E8,278740,2.4814954692E8
user_000314,44,2025-10-25T10:04:16.000+02:00,2026-01-17T13:50:57.000+02:00,2.4814954692E8,278740,2.4814954692E8
user_000730,44,2025-10-21T06:11:30.000+02:00,2026-01-15T19:54:29.000+02:00,2.4814954692E8,278740,2.4814954692E8
user_000082,44,2025-10-21T08:39:14.000+02:00,2026-01-17T14:11:07.000+02:00,2.4814954692E8,278740,2.4814954692E8
user_000956,44,2025-10-24T19:57:46.000+02:00,2026-01-18T09:04:40.000+02:00,2.4814954692E8,278740,2.4814954692E8
user_000004,44,2025-10-21T20:31:53.000+02:00,2026-01-18T12:35:03.000+02:00,2.4814954692E8,278740,2.4814954692E8
user_000603,44,2025-10-23T04:32:00.000+02:00,2026-01-18T17:27:18.000+02:00,2.4814954692E8,278740,2.4814954692E8
user_000993,44,2025-10-30T01:18:32.000+02:00,2026-01-13T20:59:26.000+02:00,2.4814954692E8,278740,2.4814954692E8
user_000916,44,2025-10-22T20:11:33.000+02:00,2026-01-16T17:04:42.000+02:00,2.4814954692E8,278740,2.4814954692E8
user_000002,44,2025-10-21T03:25:03.000+02:00,2026-01-17T02:03:14.000+02:00,2.4814954692E8,278740,2.4814954692E8
user_000316,44,2025-10-21T23:01:54.000+02:00,2026-01-16T17:11:38.000+02:00,2.4814954692E8,278740,2.4814954692E8
user_000767,44,2025-10-21T06:06:22.000+02:00,2026-01-15T23:48:59.000+02:00,2.4814954692E8,278740,2.4814954692E8
user_000801,43,2025-10-20T21:03:51.000+02:00,2026-01-17T01:31:29.000+02:00,2.4250978448999998E8,272405,2.4250978449E8
user_000902,43,2025-10-21T18:34:39.000+02:00,2026-01-18T01:41:20.000+02:00,2.4250978448999998E8,272405,2.4250978449E8
user_000102,43,2025-10-26T05:59:36.000+02:00,2026-01-18T10:06:55.000+02:00,2.4250978448999998E8,272405,2.4250978449E8
user_000964,43,2025-10-22T02:10:59.000+02:00,2026-01-16T19:34:37.000+02:00,2.4250978448999998E8,272405,2.4250978449E8
user_000453,43,2025-10-23T14:40:20.000+02:00,2026-01-17T17:16:57.000+02:00,2.4250978448999998E8,272405,2.4250978449E8
user_000598,43,2025-10-21T19:46:15.000+02:00,2026-01-16T01:27:28.000+02:00,2.4250978448999998E8,272405,2.4250978449E8
user_000166,43,2025-10-22T17:09:05.000+02:00,2026-01-17T01:39:05.000+02:00,2.4250978448999998E8,272405,2.4250978449E8
user_000997,43,2025-10-21T03:34:45.000+02:00,2026-01-17T17:21:13.000+02:00,2.4250978448999998E8,272405,2.4250978449E8
user_000456,43,2025-10-23T19:57:10.000+02:00,2026-01-12T16:31:35.000+02:00,2.4250978448999998E8,272405,2.4250978449E8
user_000951,43,2025-10-21T02:05:31.000+02:00,2026-01-18T06:31:37.000+02:00,2.4250978448999998E8,272405,2.4250978449E8
user_000440,43,2025-10-23T01:23:19.000+02:00,2026-01-17T16:57:42.000+02:00,2.4250978448999998E8,272405,2.4250978449E8
user_000846,43,2025-10-22T00:11:44.000+02:00,2026-01-18T19:12:49.000+02:00,2.4250978448999998E8,272405,2.4250978449E8
user_000061,43,2025-10-22T07:33:37.000+02:00,2026-01-17T10:33:47.000+02:00,2.4250978448999998E8,272405,2.4250978449E8
user_000778,43,2025-10-21T03:25:02.000+02:00,2026-01-18T11:45:35.000+02:00,2.4250978448999998E8,272405,2.4250978449E8
user_000658,43,2025-10-20T23:56:04.000+02:00,2026-01-18T06:48:35.000+02:00,2.4250978448999998E8,272405,2.4250978449E8
user_000939,43,2025-10-22T22:39:51.000+02:00,2026-01-11T16:55:22.000+02:00,2.4250978448999998E8,272405,2.4250978449E8
user_000717,43,2025-10-24T12:57:51.000+02:00,2026-01-18T10:16:03.000+02:00,2.4250978448999998E8,272405,2.4250978449E8
user_000074,43,2025-10-23T09:04:32.000+02:00,2026-01-15T18:03:37.000+02:00,2.4250978448999998E8,272405,2.4250978449E8
user_000609,43,2025-10-24T10:00:35.000+02:00,2026-01-16T07:36:57.000+02:00,2.4250978448999998E8,272405,2.4250978449E8
user_000487,43,2025-10-23T07:37:22.000+02:00,2026-01-18T06:49:19.000+02:00,2.4250978448999998E8,272405,2.4250978449E8
user_000146,43,2025-10-20T22:40:41.000+02:00,2026-01-17T04:29:29.000+02:00,2.4250978448999998E8,272405,2.4250978449E8
user_000287,43,2025-10-22T08:20:19.000+02:00,2026-01-17T04:06:15.000+02:00,2.4250978448999998E8,272405,2.4250978449E8
user_000865,43,2025-10-21T13:11:47.000+02:00,2026-01-16T19:30:54.000+02:00,2.4250978448999998E8,272405,2.4250978449E8
user_000986,43,2025-10-21T08:52:26.000+02:00,2026-01-17T06:51:54.000+02:00,2.4250978448999998E8,272405,2.4250978449E8
user_000315,43,2025-10-23T11:01:03.000+02:00,2026-01-18T07:07:23.000+02:00,2.4250978448999998E8,272405,2.4250978449E8
user_000892,43,2025-10-23T05:53:18.000+02:00,2026-01-13T17:48:27.000+02:00,2.4250978448999998E8,272405,2.4250978449E8
user_000569,43,2025-10-22T08:06:46.000+02:00,2026-01-16T20:16:53.000+02:00,2.4250978448999998E8,272405,2.4250978449E8
user_000189,43,2025-10-23T04:57:31.000+02:00,2026-01-15T08:37:35.000+02:00,2.4250978448999998E8,272405,2.4250978449E8
user_000222,43,2025-10-21T11:20:09.000+02:00,2026-01-18T18:48:20.000+02:00,2.4250978448999998E8,272405,2.4250978449E8
user_000473,42,2025-10-20T22:01:47.000+02:00,2026-01-16T03:19:44.000+02:00,2.3687002205999997E8,266070,2.3687002206E8
user_000379,42,2025-10-20T23:39:08.000+02:00,2026-01-16T20:00:35.000+02:00,2.3687002205999997E8,266070,2.3687002206E8
user_000786,42,2025-10-25T06:07:45.000+02:00,2026-01-17T22:20:36.000+02:00,2.3687002205999997E8,266070,2.3687002206E8
user_000154,42,2025-10-21T11:59:59.000+02:00,2026-01-15T12:41:40.000+02:00,2.3687002205999997E8,266070,2.3687002206E8
user_000081,42,2025-10-22T02:18:11.000+02:00,2026-01-16T15:22:53.000+02:00,2.3687002205999997E8,266070,2.3687002206E8
user_000433,42,2025-10-21T12:25:56.000+02:00,2026-01-17T22:00:00.000+02:00,2.3687002205999997E8,266070,2.3687002206E8
user_000705,42,2025-10-21T10:59:19.000+02:00,2026-01-18T11:50:02.000+02:00,2.3687002205999997E8,266070,2.3687002206E8
user_000030,42,2025-10-22T09:25:22.000+02:00,2026-01-16T06:45:46.000+02:00,2.3687002205999997E8,266070,2.3687002206E8
user_000443,42,2025-10-24T19:08:21.000+02:00,2026-01-15T22:52:12.000+02:00,2.3687002205999997E8,266070,2.3687002206E8
user_000475,42,2025-10-24T17:22:46.000+02:00,2026-01-16T12:56:18.000+02:00,2.3687002205999997E8,266070,2.3687002206E8
user_000223,42,2025-10-22T23:51:50.000+02:00,2026-01-17T02:16:39.000+02:00,2.3687002205999997E8,266070,2.3687002206E8
user_000111,42,2025-10-27T08:39:05.000+02:00,2026-01-18T17:37:10.000+02:00,2.3687002205999997E8,266070,2.3687002206E8
user_000715,42,2025-10-28T16:23:11.000+02:00,2026-01-17T20:06:00.000+02:00,2.3687002205999997E8,266070,2.3687002206E8
user_000753,42,2025-10-22T13:18:16.000+02:00,2026-01-16T03:12:48.000+02:00,2.3687002205999997E8,266070,2.3687002206E8
user_000894,42,2025-10-24T10:05:26.000+02:00,2026-01-17T07:32:39.000+02:00,2.3687002205999997E8,266070,2.3687002206E8
user_000871,42,2025-10-25T05:47:54.000+02:00,2026-01-14T11:23:21.000+02:00,2.3687002205999997E8,266070,2.3687002206E8
user_000491,42,2025-10-22T17:44:57.000+02:00,2026-01-17T13:10:46.000+02:00,2.3687002205999997E8,266070,2.3687002206E8
user_000775,42,2025-10-29T08:34:06.000+02:00,2026-01-17T22:32:52.000+02:00,2.3687002205999997E8,266070,2.3687002206E8
user_000850,42,2025-10-22T05:53:16.000+02:00,2026-01-18T09:13:18.000+02:00,2.3687002205999997E8,266070,2.3687002206E8
user_000528,42,2025-10-22T13:55:08.000+02:00,2026-01-17T10:56:38.000+02:00,2.3687002205999997E8,266070,2.3687002206E8
user_000872,42,2025-10-25T03:25:37.000+02:00,2026-01-14T07:43:32.000+02:00,2.3687002205999997E8,266070,2.3687002206E8
user_000983,42,2025-10-22T00:34:18.000+02:00,2026-01-17T14:09:35.000+02:00,2.3687002205999997E8,266070,2.3687002206E8
user_000693,42,2025-10-24T20:04:19.000+02:00,2026-01-18T02:46:40.000+02:00,2.3687002205999997E8,266070,2.3687002206E8
user_000488,42,2025-10-25T01:47:43.000+02:00,2026-01-18T01:02:18.000+02:00,2.3687002205999997E8,266070,2.3687002206E8
user_000492,42,2025-10-23T06:31:04.000+02:00,2026-01-18T07:26:29.000+02:00,2.3687002205999997E8,266070,2.3687002206E8
user_000347,42,2025-10-23T18:09:16.000+02:00,2026-01-16T23:45:20.000+02:00,2.3687002205999997E8,266070,2.3687002206E8
user_000995,42,2025-10-21T17:44:14.000+02:00,2026-01-18T12:08:55.000+02:00,2.3687002205999997E8,266070,2.3687002206E8
user_000486,42,2025-10-21T15:03:49.000+02:00,2026-01-18T17:30:50.000+02:00,2.3687002205999997E8,266070,2.3687002206E8
user_000796,42,2025-10-21T20:30:42.000+02:00,2026-01-13T21:41:44.000+02:00,2.3687002205999997E8,266070,2.3687002206E8
user_000681,42,2025-10-21T17:03:14.000+02:00,2026-01-18T07:19:30.000+02:00,2.3687002205999997E8,266070,2.3687002206E8
user_000788,42,2025-10-22T22:25:33.000+02:00,2026-01-15T14:36:10.000+02:00,2.3687002205999997E8,266070,2.3687002206E8
user_000578,42,2025-10-30T22:51:40.000+02:00,2026-01-18T03:44:44.000+02:00,2.3687002205999997E8,266070,2.3687002206E8
user_000519,42,2025-10-23T01:08:41.000+02:00,2026-01-13T07:48:03.000+02:00,2.3687002205999997E8,266070,2.3687002206E8
user_000632,42,2025-10-21T11:12:51.000+02:00,2026-01-15T09:45:30.000+02:00,2.3687002205999997E8,266070,2.3687002206E8
user_000430,42,2025-10-20T21:34:08.000+02:00,2026-01-13T22:42:09.000+02:00,2.3687002205999997E8,266070,2.3687002206E8
user_000768,42,2025-10-22T04:48:29.000+02:00,2026-01-18T18:16:18.000+02:00,2.3687002205999997E8,266070,2.3687002206E8
user_000403,42,2025-10-21T05:27:25.000+02:00,2026-01-17T17:47:00.000+02:00,2.3687002205999997E8,266070,2.3687002206E8
user_000895,42,2025-10-21T23:28:51.000+02:00,2026-01-09T05:34:26.000+02:00,2.3687002205999997E8,266070,2.3687002206E8
user_000251,42,2025-10-23T17:47:03.000+02:00,2026-01-13T10:19:14.000+02:00,2.3687002205999997E8,266070,2.3687002206E8
user_000117,42,2025-10-25T19:46:47.000+02:00,2026-01-16T03:05:28.000+02:00,2.3687002205999997E8,266070,2.3687002206E8
user_000407,42,2025-10-29T10:18:23.000+02:00,2026-01-16T14:14:22.000+02:00,2.3687002205999997E8,266070,2.3687002206E8
user_000112,41,2025-10-21T23:54:24.000+02:00,2026-01-18T04:47:57.000+02:00,2.3123025962999997E8,259735,2.3123025963E8
user_000723,41,2025-10-21T10:55:31.000+02:00,2026-01-13T19:09:26.000+02:00,2.3123025962999997E8,259735,2.3123025963E8
user_000563,41,2025-10-20T20:25:34.000+02:00,2026-01-17T21:45:34.000+02:00,2.3123025962999997E8,259735,2.3123025963E8
user_000710,41,2025-10-21T07:41:24.000+02:00,2026-01-14T13:16:51.000+02:00,2.3123025962999997E8,259735,2.3123025963E8
user_000680,41,2025-10-21T13:39:07.000+02:00,2026-01-16T15:40:12.000+02:00,2.3123025962999997E8,259735,2.3123025963E8
user_000977,41,2025-10-21T01:27:16.000+02:00,2026-01-18T08:57:57.000+02:00,2.3123025962999997E8,259735,2.3123025963E8
user_000144,41,2025-10-23T17:28:28.000+02:00,2026-01-17T05:50:48.000+02:00,2.3123025962999997E8,259735,2.3123025963E8
user_000039,41,2025-10-21T08:41:56.000+02:00,2026-01-15T04:06:58.000+02:00,2.3123025962999997E8,259735,2.3123025963E8
user_000413,41,2025-10-23T17:17:32.000+02:00,2026-01-16T17:24:01.000+02:00,2.3123025962999997E8,259735,2.3123025963E8
user_000676,41,2025-10-23T23:21:37.000+02:00,2026-01-06T17:21:36.000+02:00,2.3123025962999997E8,259735,2.3123025963E8
user_000038,41,2025-10-20T22:07:56.000+02:00,2026-01-16T22:56:52.000+02:00,2.3123025962999997E8,259735,2.3123025963E8
user_000746,41,2025-10-24T08:46:34.000+02:00,2026-01-17T05:21:55.000+02:00,2.3123025962999997E8,259735,2.3123025963E8
user_000766,41,2025-10-30T08:49:02.000+02:00,2026-01-18T16:04:39.000+02:00,2.3123025962999997E8,259735,2.3123025963E8
user_000454,41,2025-10-26T20:38:36.000+02:00,2026-01-17T21:47:06.000+02:00,2.3123025962999997E8,259735,2.3123025963E8
user_000053,41,2025-10-23T11:55:10.000+02:00,2026-01-17T23:35:49.000+02:00,2.3123025962999997E8,259735,2.3123025963E8
user_000570,41,2025-10-25T23:34:50.000+02:00,2026-01-09T10:05:33.000+02:00,2.3123025962999997E8,259735,2.3123025963E8
user_000026,41,2025-10-23T00:24:28.000+02:00,2026-01-15T18:45:10.000+02:00,2.3123025962999997E8,259735,2.3123025963E8
user_000020,41,2025-10-23T01:11:19.000+02:00,2026-01-17T03:13:24.000+02:00,2.3123025962999997E8,259735,2.3123025963E8
user_000248,41,2025-10-22T00:05:37.000+02:00,2026-01-18T11:11:58.000+02:00,2.3123025962999997E8,259735,2.3123025963E8
user_000727,41,2025-10-26T19:01:10.000+02:00,2026-01-17T05:36:10.000+02:00,2.3123025962999997E8,259735,2.3123025963E8
user_000834,41,2025-10-21T00:35:14.000+02:00,2026-01-17T22:18:45.000+02:00,2.3123025962999997E8,259735,2.3123025963E8
user_000708,40,2025-10-20T20:32:28.000+02:00,2026-01-16T15:51:49.000+02:00,2.2559049719999996E8,253400,2.255904972E8
user_000650,40,2025-10-23T04:55:26.000+02:00,2026-01-16T07:53:17.000+02:00,2.2559049719999996E8,253400,2.255904972E8
user_000549,40,2025-10-23T14:39:50.000+02:00,2026-01-15T03:49:07.000+02:00,2.2559049719999996E8,253400,2.255904972E8
user_000479,40,2025-10-27T08:36:04.000+02:00,2026-01-15T14:20:05.000+02:00,2.2559049719999996E8,253400,2.255904972E8
user_000387,40,2025-10-23T01:50:28.000+02:00,2026-01-18T03:28:24.000+02:00,2.2559049719999996E8,253400,2.255904972E8
user_000631,40,2025-10-22T20:47:14.000+02:00,2026-01-16T06:37:44.000+02:00,2.2559049719999996E8,253400,2.255904972E8
user_000586,40,2025-10-21T13:09:26.000+02:00,2026-01-17T09:27:18.000+02:00,2.2559049719999996E8,253400,2.255904972E8
user_000539,40,2025-10-24T11:33:04.000+02:00,2026-01-15T22:58:26.000+02:00,2.2559049719999996E8,253400,2.255904972E8
user_000994,40,2025-10-22T09:32:24.000+02:00,2026-01-17T04:18:31.000+02:00,2.2559049719999996E8,253400,2.255904972E8
user_000911,40,2025-10-25T13:58:55.000+02:00,2026-01-18T10:24:38.000+02:00,2.2559049719999996E8,253400,2.255904972E8
user_000350,40,2025-10-21T19:52:50.000+02:00,2026-01-17T16:38:13.000+02:00,2.2559049719999996E8,253400,2.255904972E8
user_000245,40,2025-10-26T18:33:43.000+02:00,2026-01-18T10:30:54.000+02:00,2.2559049719999996E8,253400,2.255904972E8
user_000525,40,2025-10-21T21:51:02.000+02:00,2026-01-18T17:55:23.000+02:00,2.2559049719999996E8,253400,2.255904972E8
user_000612,40,2025-10-21T13:08:24.000+02:00,2026-01-18T11:25:43.000+02:00,2.2559049719999996E8,253400,2.255904972E8
user_000180,40,2025-10-21T18:45:08.000+02:00,2026-01-18T19:30:40.000+02:00,2.2559049719999996E8,253400,2.255904972E8
user_000052,40,2025-10-22T22:52:28.000+02:00,2026-01-18T19:15:40.000+02:00,2.2559049719999996E8,253400,2.255904972E8
user_000527,40,2025-10-21T16:44:09.000+02:00,2026-01-18T13:17:20.000+02:00,2.2559049719999996E8,253400,2.255904972E8
user_000683,40,2025-10-21T17:45:47.000+02:00,2026-01-18T10:20:20.000+02:00,2.2559049719999996E8,253400,2.255904972E8
user_000046,40,2025-10-23T12:01:23.000+02:00,2026-01-15T18:47:20.000+02:00,2.2559049719999996E8,253400,2.255904972E8
user_000471,40,2025-10-21T15:24:11.000+02:00,2026-01-18T00:37:29.000+02:00,2.2559049719999996E8,253400,2.255904972E8
user_000249,40,2025-10-21T06:29:35.000+02:00,2026-01-17T01:12:51.000+02:00,2.2559049719999996E8,253400,2.255904972E8
user_000441,40,2025-10-22T06:06:55.000+02:00,2026-01-15T17:52:20.000+02:00,2.2559049719999996E8,253400,2.255904972E8
user_000150,40,2025-10-21T01:24:41.000+02:00,2026-01-17T02:21:18.000+02:00,2.2559049719999996E8,253400,2.255904972E8
user_000692,39,2025-10-22T18:51:31.000+02:00,2026-01-18T03:32:19.000+02:00,2.1995073476999995E8,247065,2.1995073477E8
user_000220,39,2025-10-22T22:35:53.000+02:00,2026-01-17T15:53:31.000+02:00,2.1995073476999995E8,247065,2.1995073477E8
user_000238,39,2025-10-23T07:56:45.000+02:00,2026-01-18T10:44:40.000+02:00,2.1995073476999995E8,247065,2.1995073477E8
user_000699,39,2025-10-21T06:39:11.000+02:00,2026-01-17T14:26:02.000+02:00,2.1995073476999995E8,247065,2.1995073477E8
user_000203,39,2025-10-21T07:44:59.000+02:00,2026-01-18T02:10:22.000+02:00,2.1995073476999995E8,247065,2.1995073477E8
user_000064,39,2025-10-22T18:52:35.000+02:00,2026-01-13T22:19:05.000+02:00,2.1995073476999995E8,247065,2.1995073477E8
user_000228,39,2025-10-21T06:49:38.000+02:00,2026-01-15T12:30:10.000+02:00,2.1995073476999995E8,247065,2.1995073477E8
user_000852,39,2025-10-21T08:04:57.000+02:00,2026-01-15T11:12:42.000+02:00,2.1995073476999995E8,247065,2.1995073477E8
user_000138,39,2025-10-21T13:09:00.000+02:00,2026-01-15T05:55:08.000+02:00,2.1995073476999995E8,247065,2.1995073477E8
user_000575,39,2025-10-21T12:15:54.000+02:00,2026-01-18T00:31:04.000+02:00,2.1995073476999995E8,247065,2.1995073477E8
user_000643,39,2025-10-20T21:57:29.000+02:00,2026-01-17T09:06:54.000+02:00,2.1995073476999995E8,247065,2.1995073477E8
user_000013,39,2025-10-21T09:48:07.000+02:00,2026-01-18T17:31:24.000+02:00,2.1995073476999995E8,247065,2.1995073477E8
user_000953,39,2025-10-25T20:27:13.000+02:00,2026-01-14T07:11:32.000+02:00,2.1995073476999995E8,247065,2.1995073477E8
user_000037,39,2025-10-25T08:36:51.000+02:00,2026-01-16T06:47:07.000+02:00,2.1995073476999995E8,247065,2.1995073477E8
user_000592,39,2025-10-22T10:45:15.000+02:00,2026-01-15T02:49:15.000+02:00,2.1995073476999995E8,247065,2.1995073477E8
user_000119,39,2025-10-26T14:58:05.000+02:00,2026-01-14T18:20:17.000+02:00,2.1995073476999995E8,247065,2.1995073477E8
user_000396,39,2025-10-22T06:35:31.000+02:00,2026-01-13T12:42:05.000+02:00,2.1995073476999995E8,247065,2.1995073477E8
user_000083,39,2025-10-23T18:40:50.000+02:00,2026-01-18T11:02:33.000+02:00,2.1995073476999995E8,247065,2.1995073477E8
user_000297,39,2025-10-25T08:03:16.000+02:00,2026-01-10T14:36:46.000+02:00,2.1995073476999995E8,247065,2.1995073477E8
user_000707,39,2025-10-21T22:05:31.000+02:00,2026-01-18T10:13:07.000+02:00,2.1995073476999995E8,247065,2.1995073477E8
user_000839,39,2025-10-22T17:55:11.000+02:00,2026-01-14T05:10:19.000+02:00,2.1995073476999995E8,247065,2.1995073477E8
user_000436,39,2025-10-27T11:06:08.000+02:00,2026-01-13T18:49:27.000+02:00,2.1995073476999995E8,247065,2.1995073477E8
user_000177,38,2025-10-22T15:47:49.000+02:00,2026-01-17T18:16:32.000+02:00,2.1431097233999994E8,240730,2.1431097234E8
user_000241,38,2025-10-22T02:17:59.000+02:00,2026-01-18T10:10:28.000+02:00,2.1431097233999994E8,240730,2.1431097234E8
user_000371,38,2025-10-23T01:20:14.000+02:00,2026-01-16T02:05:20.000+02:00,2.1431097233999994E8,240730,2.1431097234E8
user_000272,38,2025-10-21T10:47:58.000+02:00,2026-01-18T19:52:47.000+02:00,2.1431097233999994E8,240730,2.1431097234E8
user_000696,38,2025-10-22T05:42:18.000+02:00,2026-01-18T20:37:38.000+02:00,2.1431097233999994E8,240730,2.1431097234E8
user_000328,38,2025-10-22T11:23:46.000+02:00,2026-01-11T16:44:28.000+02:00,2.1431097233999994E8,240730,2.1431097234E8
user_000087,38,2025-10-21T00:04:45.000+02:00,2026-01-17T10:33:40.000+02:00,2.1431097233999994E8,240730,2.1431097234E8
user_000762,38,2025-10-23T00:26:20.000+02:00,2026-01-17T04:52:17.000+02:00,2.1431097233999994E8,240730,2.1431097234E8
user_000733,38,2025-10-22T06:33:49.000+02:00,2026-01-16T18:25:44.000+02:00,2.1431097233999994E8,240730,2.1431097234E8
user_000114,38,2025-10-22T23:10:57.000+02:00,2026-01-18T14:43:12.000+02:00,2.1431097233999994E8,240730,2.1431097234E8
user_000163,38,2025-10-20T21:47:01.000+02:00,2026-01-18T05:45:10.000+02:00,2.1431097233999994E8,240730,2.1431097234E8
user_000672,38,2025-10-22T09:43:05.000+02:00,2026-01-15T16:55:46.000+02:00,2.1431097233999994E8,240730,2.1431097234E8
user_000482,38,2025-10-26T05:37:05.000+02:00,2026-01-17T19:15:39.000+02:00,2.1431097233999994E8,240730,2.1431097234E8
user_000904,37,2025-10-21T15:27:46.000+02:00,2026-01-18T01:59:52.000+02:00,2.0867120990999994E8,234395,2.0867120991E8
user_000088,37,2025-10-22T08:03:10.000+02:00,2026-01-15T08:23:10.000+02:00,2.0867120990999994E8,234395,2.0867120991E8
user_000194,37,2025-10-24T11:46:16.000+02:00,2026-01-17T08:22:02.000+02:00,2.0867120990999994E8,234395,2.0867120991E8
user_000378,37,2025-10-20T23:21:48.000+02:00,2026-01-12T14:12:51.000+02:00,2.0867120990999994E8,234395,2.0867120991E8
user_000145,37,2025-10-21T12:44:19.000+02:00,2026-01-18T06:15:43.000+02:00,2.0867120990999994E8,234395,2.0867120991E8
user_000691,37,2025-10-21T02:02:50.000+02:00,2026-01-17T20:18:41.000+02:00,2.0867120990999994E8,234395,2.0867120991E8
user_000258,37,2025-10-21T03:42:45.000+02:00,2026-01-18T12:17:15.000+02:00,2.0867120990999994E8,234395,2.0867120991E8
user_000982,36,2025-10-22T07:07:54.000+02:00,2026-01-18T07:15:12.000+02:00,2.0303144747999993E8,228060,2.0303144748E8
user_000698,36,2025-10-21T01:19:47.000+02:00,2026-01-17T06:43:22.000+02:00,2.0303144747999993E8,228060,2.0303144748E8
user_000824,36,2025-10-31T16:01:41.000+02:00,2026-01-15T13:03:11.000+02:00,2.0303144747999993E8,228060,2.0303144748E8
user_000607,36,2025-10-20T22:30:20.000+02:00,2026-01-15T04:38:03.000+02:00,2.0303144747999993E8,228060,2.0303144748E8
user_000567,36,2025-10-22T08:00:16.000+02:00,2026-01-16T23:29:35.000+02:00,2.0303144747999993E8,228060,2.0303144748E8
user_000476,36,2025-10-20T21:10:29.000+02:00,2026-01-12T13:41:26.000+02:00,2.0303144747999993E8,228060,2.0303144748E8
user_000468,36,2025-10-21T02:05:22.000+02:00,2026-01-17T21:39:32.000+02:00,2.0303144747999993E8,228060,2.0303144748E8
user_000891,36,2025-10-22T08:01:59.000+02:00,2026-01-15T06:49:22.000+02:00,2.0303144747999993E8,228060,2.0303144748E8
user_000273,36,2025-10-21T18:44:26.000+02:00,2026-01-15T03:27:10.000+02:00,2.0303144747999993E8,228060,2.0303144748E8
user_000924,36,2025-10-20T22:06:01.000+02:00,2026-01-18T15:35:49.000+02:00,2.0303144747999993E8,228060,2.0303144748E8
user_000283,36,2025-10-21T00:02:24.000+02:00,2026-01-18T06:29:41.000+02:00,2.0303144747999993E8,228060,2.0303144748E8
user_000931,36,2025-10-24T05:55:43.000+02:00,2026-01-14T05:38:10.000+02:00,2.0303144747999993E8,228060,2.0303144748E8
user_000198,36,2025-10-20T22:41:08.000+02:00,2026-01-18T08:00:42.000+02:00,2.0303144747999993E8,228060,2.0303144748E8
user_000606,36,2025-10-22T19:47:15.000+02:00,2026-01-12T18:44:14.000+02:00,2.0303144747999993E8,228060,2.0303144748E8
user_000866,35,2025-10-22T17:09:56.000+02:00,2026-01-12T13:43:09.000+02:00,1.9739168504999992E8,221725,1.9739168505E8
user_000739,35,2025-10-26T21:06:03.000+02:00,2026-01-14T12:06:20.000+02:00,1.9739168504999992E8,221725,1.9739168505E8
user_000011,35,2025-10-24T06:33:41.000+02:00,2026-01-18T10:22:24.000+02:00,1.9739168504999992E8,221725,1.9739168505E8
user_000242,35,2025-10-22T10:41:12.000+02:00,2026-01-08T21:33:38.000+02:00,1.9739168504999992E8,221725,1.9739168505E8
user_000626,35,2025-10-27T09:40:15.000+02:00,2026-01-18T11:47:47.000+02:00,1.9739168504999992E8,221725,1.9739168505E8
user_000514,34,2025-10-22T16:00:29.000+02:00,2026-01-17T14:32:51.000+02:00,1.9175192261999992E8,215390,1.9175192262E8
user_000657,34,2025-10-23T06:22:43.000+02:00,2026-01-17T15:35:52.000+02:00,1.9175192261999992E8,215390,1.9175192262E8
user_000366,34,2025-10-24T21:36:16.000+02:00,2026-01-18T04:57:34.000+02:00,1.9175192261999992E8,215390,1.9175192262E8
user_000307,34,2025-10-21T03:03:40.000+02:00,2026-01-15T14:04:24.000+02:00,1.9175192261999992E8,215390,1.9175192262E8
user_000423,34,2025-10-21T02:52:42.000+02:00,2026-01-17T03:21:09.000+02:00,1.9175192261999992E8,215390,1.9175192262E8
user_000123,34,2025-10-28T20:34:46.000+02:00,2026-01-18T07:44:56.000+02:00,1.9175192261999992E8,215390,1.9175192262E8
user_000250,34,2025-10-22T22:37:48.000+02:00,2026-01-18T03:17:03.000+02:00,1.9175192261999992E8,215390,1.9175192262E8
user_000380,34,2025-10-21T21:47:09.000+02:00,2026-01-15T07:55:13.000+02:00,1.9175192261999992E8,215390,1.9175192262E8
user_000802,34,2025-10-21T08:37:19.000+02:00,2026-01-15T13:32:51.000+02:00,1.9175192261999992E8,215390,1.9175192262E8
user_000204,33,2025-10-22T14:03:28.000+02:00,2026-01-17T08:54:08.000+02:00,1.861121601899999E8,209055,1.8611216019E8
user_000169,33,2025-10-28T14:31:47.000+02:00,2026-01-16T14:00:50.000+02:00,1.861121601899999E8,209055,1.8611216019E8
user_000659,33,2025-10-23T15:10:18.000+02:00,2026-01-15T20:27:26.000+02:00,1.861121601899999E8,209055,1.8611216019E8
user_000279,32,2025-10-23T10:36:57.000+02:00,2026-01-16T15:41:50.000+02:00,1.804723977599999E8,202720,1.8047239776E8
user_000747,32,2025-10-25T13:08:17.000+02:00,2026-01-18T11:11:11.000+02:00,1.804723977599999E8,202720,1.8047239776E8
user_000792,31,2025-10-22T22:08:57.000+02:00,2026-01-17T18:46:12.000+02:00,1.748326353299999E8,196385,1.7483263533E8
user_000938,31,2025-10-27T00:16:48.000+02:00,2026-01-16T19:24:48.000+02:00,1.748326353299999E8,196385,1.7483263533E8
user_000159,29,2025-10-21T10:47:17.000+02:00,2026-01-15T07:19:44.000+02:00,1.6355311046999988E8,183715,1.6355311047E8
